:020000040800F2
:10000000C80A002045010008A9450008893D0008EC
:10001000A545000815100008AD61000800000000AB
:10002000000000000000000000000000B5570008BC
:100030001D1100080000000091560008615F0008D3
:100040005F0100085F0100085F0100085F01000810
:100050005F0100085F010008211100082911000854
:1000600031110008391100085F0100085F01000824
:100070005F0100085F0100085F0100085F010008E0
:100080005F0100085F0100085F0100085F010008D0
:100090005F0100085F0100085F0100085F010008C0
:1000A0005F0100085F0100085F0100085F010008B0
:1000B000A95F00085F0100085F0100085F010008F8
:1000C0005F0100085F0100085F0100085F01000890
:1000D0005F0100085F0100085F0100085F01000880
:1000E0005F0100085F0100085F0100085F01000870
:1000F0005F0100085F0100085F0100085F01000860
:100100005F0100085F0100085F0100085F0100084F
:10011000956000085F0100085F0100085F010008AA
:100120005F0100085F0100085F0100085F0100082F
:10013000DFF80CD000F018FD0048004711640008FB
:10014000C80A00200648804706480047FEE7FEE749
:10015000FEE7FEE7FEE7FEE7FEE7FEE7FEE7FEE777
:10016000655F00083101000840EA01039B0703D0E6
:1001700009E008C9121F08C0042AFAD203E011F8E6
:10018000013B00F8013B521EF9D27047D2B201E0A8
:1001900000F8012B491EFBD270470022F6E710B58C
:1001A00013460A4604461946FFF7F0FF204610BDE5
:1001B00030B505462A460B4612F8010B13F8014BE1
:1001C00008B1A042F8D01CB1002802D06D1CF1E7A4
:1001D000284630BD10B5044604E00B7800F8013B1A
:1001E00003B1491C521EF8D2204610BD421C10F823
:1001F000011B0029FBD1801A704700000FB400B525
:100200008DB010A909900B9000914FF0FF300A902B
:1002100000200C9005480690054807906A4609A8FA
:100220000F9900F083FA0DB05DF814FB4907000840
:10023000670700082DE9FF5F1D464FF0FF3BD5E93A
:10024000014691465F464FF00008A9697F1C01985E
:100250008847296A824688470028F6D1BAF1FF3FCD
:100260000CD024F4C064002E19DD600614D5BAF158
:100270002B0F09D0BAF12D0F0ED103E0584604B070
:10028000BDE8F09F44F48064A9697F1C0198884709
:10029000761E8246002E02DDBAF1300F03D0B9F18E
:1002A000000F26D032E0A969761E44F400747F1C4A
:1002B000019888478246002E05DDBAF1780F06D0F6
:1002C000BAF1580F03D0B9F1000F10D01EE0B9F108
:1002D000000F02D0B9F1100F18D1A969761E24F4CD
:1002E00000747F1C019888478246102002E0082095
:1002F00000E00A20814609E008FB0908A969761E8A
:1003000044F400747F1C019888478246002E05DD66
:100310004946504600F0F6F90028EDDAE9690198FF
:100320008847A00502D46FF00100A8E7E00725D1B7
:10033000600613D5600502D5C8F1000000E0404614
:1003400029680A1D2A600968220501D5087015E090
:10035000220701D5088011E008600FE02868011D20
:1003600029600068210502D580F8008006E0210799
:1003700002D5A0F8008001E0C0F8008038467EE792
:100380002DE9FF5FD2E901A74FF000089169994676
:100390001446DDF838B0464601988847054659EAC4
:1003A0000B0005D009E0A169761C01988847054635
:1003B000216A284688470028F5D1681C03D05FEAE7
:1003C000CA7005D015E04FF0FF3004B0BDE8F09FD3
:1003D0002068011D2160D0F800800AE05FEACA7041
:1003E00001D108F8015BA169761C7F1E019888473E
:1003F0000546002F1ADD681C18D0B9F1000F0DD08A
:10040000E81705EBD060421120F01F0059F82210C8
:100410002A1A012090400142E0D107E0BBF1000F11
:10042000DCD1216A284688470028D7D0E1690198A5
:100430008847BBF1000F07D1002E05DD5FEACA70C7
:1004400002D1002188F80010A068B84203DDBBF19A
:10045000000F03D017B16FF00100B6E73046B4E7E4
:10046000F0B480EA0102D40F4200B2EB410F02D295
:100470000246084611464A0042D0C30DDDB2C1F320
:10048000C752AD1A202D35DAC1F3160141F400022E
:1004900004B15242C5F1200602FA06F12A41104485
:1004A000B3EBD05F23D0C4B1012DA0EBC35009DC66
:1004B000F0BC4FF0004202EAC352DBB200F500008C
:1004C00000F06BB9400000F1807000EBC350A0F168
:1004D000807040EAD170490009E0490841EAC071E2
:1004E000A0EBC35000F50000400800EBC350F0BC87
:1004F00000F04AB96142012202EB4101001BF6E71C
:10050000F0BC704781F00041AAE780F00040A7E707
:1005100080EA010210B502F00043400022D04A00F8
:100520001FD0010E01EB1261C0F35600C2F3560258
:1005300040F4000042F40002A0FB022000047F39D6
:10054000140400D0401C50EA124001D44000491E5F
:10055000C2B20C0604EBD010401C4008802A02D026
:1005600003E0002010BD20F00100002900DA002087
:10057000184310BD30B480EA010202F0004530F0AB
:10058000004221F0004013D090B1C30DD40DC2F34E
:100590001601C0F31600E41A41F4000140F4000211
:1005A0007D34914201D3641C00E04900002C02DA42
:1005B00030BC002070474FF400000023914201D36B
:1005C000891A034340084FEA4101F7D151B19142E2
:1005D00002D14FF0004105E002D24FF0010101E0ED
:1005E0006FF0010103EBC450284430BC00F0CCB8DC
:1005F000002801DBC0F10040002901DBC1F100410E
:10060000814201D20120704700207047002801DBA1
:10061000C0F10040002901DBC1F10041814201D35A
:100620000120704700207047C10F80EAE070084445
:10063000CA079623002100F0B0B896230022114685
:1006400000F0ABB800F0004220F00040C10DC0F354
:10065000160040F400007F2901DA00207047962937
:1006600003DCC1F19601C84001E096398840002AB8
:10067000F4D04042704730B50B460146002020229E
:10068000012409E021FA02F59D4205D303FA02F59F
:10069000491B04FA02F52844151EA2F10102F1DCFF
:1006A00030BD2DE9F05F0546002092469B46884606
:1006B0000646814640241BE02846414647462246DE
:1006C00000F079FA53465A46C01A914110D31146A8
:1006D0001846224600F060FA2D1A67EB01084F46D3
:1006E00022460120002100F057FA17EB00094E4185
:1006F000201EA4F10104DFDC484631462A46434669
:10070000BDE8F09F3A2800D2303820F02002412A7C
:1007100001D3A2F13700884201D34FF0FF30704778
:10072000026811441378016018467047D16004498B
:1007300051610449116200211161114600F062BA51
:1007400021070008FB0B0008426842B1016811F85C
:10075000013B23B1521EC0E9001218467047012127
:10076000C160881E704742685AB1C368016843B9C6
:1007700083688B4205D0491E521CC0E9001200203C
:1007800070474FF0FF3070470029A8BF7047401CEA
:10079000490008BF20F00100704710B4B0FA80FC97
:1007A00000FA0CF050EA010404BF10BC704749B1D4
:1007B000CCF1200421FA04F411FA0CF118BF012144
:1007C00021430843A3EB0C01CB1D4FEA00614FEA24
:1007D000102042BF002010BC704700EBC3501044F3
:1007E0000029A4BF10BC7047401C490008BF20F07E
:1007F000010010BC70472DE9FE4F804681EA0300DE
:10080000C00F0C46009021F0004123F00045B8EBEA
:100810000200A94105D24046214690461C460B469F
:10082000024623F00040104347D0270DC7F30A00CB
:10083000C3F30A510290401A019040286BDAC3F3C7
:10084000130040F4801B0098924620B10023D2EBA5
:10085000030A63EB0B0B01985946C0F14002504666
:1008600000F09AF906460D4650465946019A00F0A6
:10087000B2F910EB08006141002487EA115284EAC2
:10088000E7731A4340D0009A62B3019A012A4FEAF3
:10089000075215DC001B61EB02014FF0004202EA37
:1008A0000752CDE90042001C41F5801132462B462B
:1008B00000F04DFB03B0BDE8F08F40462146F9E75C
:1008C000001B61EB0201001C41F5801300185B4125
:1008D0002018A2F5001747EB030140EAD570B619BE
:1008E0006D4111E06D084FEA360645EAC0754FEAE2
:1008F0000752001B61EB0201001C41F58011490801
:100900004FEA30000019514132462B4603B0BDE892
:10091000F04F00F00DBB0098012240000023D0EB07
:10092000020263EBE073009821464FEAE074B8EBF3
:10093000000061EB0401E9E783F000435BE781F02D
:10094000004158E72DE9FE4F81EA030404F000441A
:1009500021F0004100944FF0000B23F0004350EAD7
:1009600001045ED052EA03045BD0C3F30A54C1F31E
:100970000A552C44A4F2F3340194A0FB0254C1F3B1
:10098000130141F48011C3F3130343F4801301FBFB
:10099000024400FB034E840A970A44EA815447EA62
:1009A0008357A4FB076802958D0A05FB07854FEA6C
:1009B000932C04FB0C542705029D4FEA065847EA86
:1009C0001637B5EB08056EEB070C870E920E47EA5B
:1009D000811742EA8312A7FB0201B6EB0B0164EB1D
:1009E00000042B0D43EA0C335E1844EB1C50DA462E
:1009F0005146E7FB0201C5F313044FEA0B3343EA08
:100A000014534FEA0432019C43EA0603A4F10C0498
:100A10000294009CCDE900B400F099FA03B0BDE85F
:100A2000F08F00200146F9E72DE9F04D81EA03043B
:100A300004F0004B21F0004514464FF0000A23F06B
:100A4000004150EA050220D054EA01021DD0C5F34E
:100A50000A570246C5F31303C1F31300C1F30A5644
:100A600040F4801543F48013A7EB0608101BD6460C
:100A700008F2FD3873EB050002D308F1010801E02C
:100A800092185B41B8F1000F03DA00200146BDE87F
:100A9000F08D00204FF48011064684460EE0171BAF
:100AA00073EB050705D3121B63EB050306434CEA02
:100AB000010C49084FEA300092185B4150EA0107E7
:100AC000EDD152EA030012D082EA040083EA050164
:100AD000084305D0101BAB4106D20122002306E0DB
:100AE00000224FF0004302E06FF0010253101AEBB6
:100AF00006004CEB085110EB0A0041EB0B01BDE87E
:100B0000F04D00F015BAC1F30A52C1F3130140F2DF
:100B1000FF3341F480119A4202DA00200146704707
:100B200040F233439A42A2F2334202DC524200F0D6
:100B300042B800F031B8000030B5041E71F1000475
:100B400004DB4FF00044404264EB0101141E73F1DA
:100B5000000405DB1C464FF00043524263EB0403E4
:100B6000994208BF904230BD1CB509480090094821
:100B700001900546009C06E0E06840F0010394E81F
:100B8000070098471034AC42F6D3FFF7D5FA0000BF
:100B9000D0900008F0900008202A04DB203A00FAE8
:100BA00002F1002070479140C2F1200320FA03F3C4
:100BB000194390407047202A04DB203A21FA02F0C2
:100BC0000021704721FA02F3D040C2F12002914087
:100BD000084319467047202A06DBCB17203A41FA12
:100BE00002F043EAE07306E041FA02F3D040C2F1BA
:100BF00020029140084319467047C0B24FF4F051AB
:100C000000F0F4B92DE9F34F8BB04FF0000801F17B
:100C10000C000C464FF0010B46460DF1080A0190FE
:100C20006269012101989047051E2DD0252D2CD0F9
:100C3000216A8847C0B16269012101989047216A01
:100C400088470028F7D1411E62690198904700E06B
:100C5000761CA1690B988847216A88470028F7D13C
:100C6000E1690B988847DBE7A1690B98884707463D
:100C7000A84201D1761CD3E7E1690B9888477F1C15
:100C800002D1B8F1000F6FD046E1002762693D46FE
:100C90003946019890472A2804D1626901210198B8
:100CA00090470125DFF884926269012101989047FD
:100CB000A0F130010A290AD24F45E5DC07EB870194
:100CC00000EB4107303FDFD445F01005ECE7E906C3
:100CD00001D46FF000476C280AD04C2814D0682843
:100CE00015D06A280DD074281CD07A281AD01DE09F
:100CF00062690121019890476C2802D045F00405F3
:100D000014E045F002050DE045F020050AE06269B7
:100D1000012101989047682802D045F0080505E0B8
:100D200045F400656269012101989047C4E90157C3
:100D300065283DD019DC58287AD00CDC452837D0FE
:100D400004DC252826D0412831D131E046282FD097
:100D500047282CD12CE05B2877D0612828D0632845
:100D60007CD0642823D15AE0D0E06F2848D008DC3A
:100D700066281DD067281BD0692821D06E2816D17F
:100D800027E0702845D0732868D0752847D0782888
:100D90000DD14DE0A1690B988847054625283FF401
:100DA00069AFE1690B9888476D1C3FF46AAFB3E007
:100DB00023466A466FF001000B99AFF300809EE076
:100DC00045F040006060A80723464FF0000236D48B
:100DD0003EE0E8077FF447AF2068011D216000680E
:100DE000290501D506701BE7290701D5068017E7FD
:100DF000A90703D5F117C0E9006111E706600FE705
:100E000045F040006060A80723464FF0080216D462
:100E10001EE040F60E0125EA0100606016E045F094
:100E200040006060A80723464FF00A0207D40FE095
:100E300045F040006060A80708D5234610226FF0F7
:100E400001000B99AFF3008059E007E02346102220
:100E50006FF001000B99FFF7EDF950E04FF000093A
:100E60004F464B46632802D05B2806D040E0E80698
:100E700001D40120A06001273AE0626901210198B4
:100E800090475E2805D14FF00109626949460198F3
:100E90009047216939B900210A46534643F8212079
:100EA000491C0829FADBB0B3216969B9C11700EB05
:100EB000D16253110AEB830122F01F02821A012032
:100EC0000B68904003430B606269012101989047D1
:100ED0005D28E8D1B9F1000F09D00020514651F842
:100EE0002020D24341F82020401C0828F7DB02AB29
:100EF000224600976FF001000B99FFF741FA002896
:100F00000CDA401C08D1BBF1000F05D04FF0FF30C8
:100F10000DB0BDE8F08FFFE74046F9E7E90701D1E2
:100F200008F1010806444FF0000B79E6CCCCCC0C5C
:100F300010B5141E73F1000408DA401C41F10001E1
:100F400092185B411A4301D120F0010010BD2DE938
:100F5000F04D92469B4611B1B1FA81F202E0B0FA2F
:100F600080F220329046FFF717FE04460F4640EA13
:100F70000A0041EA0B0153465A46084313D0114672
:100F800053EA010019D0C8F140025046FFF713FEA2
:100F900005460E46504659464246FFF7FDFD0843BA
:100FA00005D0012004E020463946BDE8F08D002040
:100FB000054346EAE0762C4337430A986305E40A82
:100FC000A0EB08000022FD0A44EA47540A3002D58B
:100FD00000200146E9E7010510196941DDE90845EE
:100FE00000196941BDE8F04DA2E700007F2801D952
:100FF000002208E0064A02EB5002C007127800D136
:10100000120902F00F0201209040084070470000D2
:10101000DC7E0008FEE7000040F22800C2F200007B
:1010200041780131417041783C2910D30021417051
:1010300082780132827082783C2A08D38170C1782C
:101040000131C170C178182924BF0021C17001216C
:101050000170704740F22800C2F200000021417088
:101060008170C1700170704740F23300C2F200001D
:101070000178002908BF704780B582B00021017057
:1010800040F23200C2F20000007848F62E6100EB18
:101090004000C0F6000101EB40124FF0100C282078
:1010A0002A213023CDF800C005F04CFA40F236007A
:1010B00040F2300140F23102C2F20000C2F20001FF
:1010C000C2F2000200880978127804F0AFFB40F207
:1010D0002D0040F22E0140F22F02C2F20000C2F2B7
:1010E0000001C2F2000200780978127802B0BDE86F
:1010F000804003F07BBD000080B540F23800C2F2B2
:1011000000000021017041708170FFF7A3FF40F2E1
:101110002800C2F200000121017080BD704700006C
:10112000012000F0C9BC0000022000F0C5BC000096
:10113000042000F0C1BC0000082000F0BDBC00008D
:1011400010B582B0032837D8DFE800F00238282E27
:1011500005F0E6F848F63E121024C0F600020A2018
:1011600000216C23009405F0EDF948F61802C0F652
:101170000002302012212023009405F0E3F948F604
:101180008E52C0F60002182024215023009405F04E
:10119000D9F902B0BDE8104005F0F4BD02B0BDE8D9
:1011A0001040FFF7A9BF00BF05F0BAF840F23300C6
:1011B000C2F200000121017002B010BD40F23C00FB
:1011C000C2F2000002B0BDE8104000F05BB80000C1
:1011D000EFF3108072B600BFFEE7000070B5044662
:1011E000042823D0012C1CD140F60045C4F201058F
:1011F0002846012100F060FD06462846022100F045
:101200005BFD4EB350B340F21000C2F20000C17853
:10121000032200294FF0010118BF0422815400214C
:1012200041712046BDE8704004F0C2BF40F6004066
:10123000C4F20100042100F03FFD0028F1D100F0CC
:1012400047FD40F21001C2F2000188602046BDE86F
:10125000704004F0ADBF00BF0028D4D040F21000B1
:10126000C2F200004179052200294FF0010118BFA8
:10127000062281540021C1702046BDE8704004F070
:1012800097BF000080B582B043F22021ADF8061070
:101290004FF0FF3C0DF1060288210223CDF800C07B
:1012A00000F0CEFF02B080BD2DE9F04184B00446CD
:1012B000E020ADF80E000020ADF80C0002904FF0D9
:1012C000FF360DF10E02204688210223009600F021
:1012D000B7FF0546142000F0C3FB1DB1284604B03B
:1012E000BDE8F08102AA204689210623009600F07D
:1012F000A7FD18B104B0BDE8F08100BF9DF908005A
:101300003121C24381EA4203002848BF53005AB248
:101310005E00002A48BF81EA430672B27300002AC9
:1013200048BF81EA46035AB25E00002A48BF81EAFC
:10133000430672B27300002A48BF81EA46035AB2DC
:101340005E00002A48BF81EA430672B27300002A99
:1013500048BF81EA46035AB25E00002A48BF81EACC
:1013600043069DF809209DF80A30564075B2740076
:10137000002D48BF81EA460466B26500002E48BFD2
:1013800081EA44056EB26C00002E48BF81EA450434
:1013900066B26500002E48BF81EA44056EB26C005B
:1013A000002E48BF81EA450466B26500002E48BFA2
:1013B00081EA44056EB26C00002E48BF81EA450404
:1013C00066B26500002E48BF81EA4405EEB29E4237
:1013D00040F09A809DF90B806FEA080381EA43068A
:1013E000B8F1000F48BF5E0073B27400002B48BF15
:1013F00081EA460463B26600002B48BF81EA4406D6
:1014000073B27400002B48BF81EA460463B26600E1
:10141000002B48BF81EA440673B27400002B48BF1A
:1014200081EA460463B26600002B48BF81EA4406A5
:1014300073B27400002B48BF81EA46049DF80C602B
:101440009DF80D30744065B26700002D48BF81EAF9
:1014500044077DB27C00002D48BF81EA470467B293
:101460006500002F48BF81EA44056FB26C00002F71
:1014700048BF81EA450467B26500002F48BF81EA92
:1014800044056FB26C00002F48BF81EA450467B283
:101490006500002F48BF81EA44056FB26C00002F41
:1014A00048BF81EA4504E1B299422DD142EA0020C9
:1014B00080B2FFF7C2F84FF60074C4F27F74214681
:1014C000FFF758F80021C4F22F31FFF721F800216F
:1014D000CCF23421FEF7C4FF40F21C05C2F2000535
:1014E000286046EA082080B2FFF7A7F82146FFF7F8
:1014F00041F80021C4F2C821FFF70AF86860002013
:1015000004B0BDE8F08100BF012004B0BDE8F08167
:101510002DE9F041CEB0D3A004F0B8FE40F6B830CB
:1015200000F09EFA48F6A14440F27810C0F600049C
:10153000C2F20000214611224FF6FF7302F058FB61
:1015400048F62650C0F60000214606F03BF840F26F
:101550002C0740F2C01448F631554FF4FA66C2F237
:101560000007C2F20004C0F6000504E0012000F00C
:1015700077FA013E20D0787A0128F7D12046294613
:10158000FEF716FE0028F1D0322000F069FA012E95
:1015900012D1BEA006F090FC40F2C0100024C2F2AE
:1015A00000004FF480717C723C70FEF7F6FD20461F
:1015B0004EB0BDE8F08100BF3E7840F2C018C2F2E4
:1015C00000080DAD284641463246FEF7CDFD002409
:1015D000B2A0AC5506F070FC40464FF480717C72AE
:1015E0003C70FEF7DAFD48F6B340C0F6000029462D
:1015F00005F0E8FF48F63151C0F600012846FEF735
:10160000D7FD0028D3D00546ABA006F055FC05F168
:101610000C0400BF607820280AD1A078202809D1C6
:10162000E078202808D114F8040F2028F2D004E034
:10163000013402E0023400E0033448F6B340C0F65F
:101640000000214605F0BEFF08A809A90AAA06ABBA
:1016500007AECDE90032CDE902109DA10CAA0BAB7B
:1016600020460496FEF7CAFD072840F0CD804DA81D
:101670000BA90322FEF7AEFD00248DF837414D98EB
:1016800046F24A11C0F26E01884251D04D9846F29E
:101690004651C0F2620188424CD04D9846F24D113D
:1016A000C0F27201884247D04D9847F24101C0F222
:1016B0007201884242D04D9846F24D11C0F2790134
:1016C00088423DD04D9847F24A51C0F26E0188429F
:1016D00038D04D9847F24A51C0F26C01884233D05D
:1016E0004D9847F24151C0F2670188422ED04D9883
:1016F00046F25351C0F27001884229D04D9846F20B
:101700004F31C0F27401884224D04D9846F64E7194
:10171000C0F2760188421FD04D9846F24451C0F283
:1017200063010C25884218BF4FF0FF3515E000BF5C
:10173000012512E0022510E003250EE004250CE04F
:1017400005250AE0062508E0072506E0082504E04F
:10175000092502E00A2500E00B254DA80CA903226B
:10176000FEF738FD8DF837414D9846F64D71C0F2C1
:101770006E01884237D04D9847F25451C0F265014E
:10178000884227D04D9846F25751C0F264018842F2
:1017900022D04D9846F65401C0F2750188421DD002
:1017A0004D9847F24621C0F26901884218D04D9801
:1017B00046F25311C0F27401884213D04D9847F29B
:1017C0005351C0F26E010624884218BF4FF0FF3417
:1017D00009E000BF012406E0022404E0032402E043
:1017E000042400E005240798691C25D0B0F5FD6F9E
:1017F00022DD0A9979700999B9700899F970788190
:101800003D7106987871BC7179893A797B7948F68F
:101810000750C0F6000005F0D5FE7978BA78FB785D
:1018200048F6E840C0F6000005F0CCFE0124204652
:101830004EB0BDE8F08100BF0A99DDE90872069B51
:10184000039048F6C340CDE90012C0F600000CA991
:101850000BAA029705F0B6FE002420464EB0BDE864
:10186000F08100BF41542B434950534E54504346DE
:10187000473D312C382C226E74702E616C6979755D
:101880006E2E636F6D220D0A000000004E54502032
:1018900074696D656F75740D00000000436F707999
:1018A00020686173206265656E20636F6D706C6582
:1018B00074656421212100006465746563742043AC
:1018C0004950534E545054494D45212121000000A8
:1018D000253373202533732025642025643A25643D
:1018E0003A25642025640000014690F82100022872
:1018F00016D10868D1E90FC3026822F00E02026017
:10190000026822F001020260012000FA03F2CCF822
:10191000042081F821000020002281F82020704757
:10192000042088630120002281F8202070470000F5
:1019300090F82110022927D1026840F2040C1368A4
:10194000C4F2020C23F00E03136013680CF17C0147
:101950008A4223F0010111601AD940F20841C4F211
:1019600002018A4250D040F21C41C4F202018A4274
:1019700042D040F23041C4F202018A4248D14FF4D1
:101980008073CCF800345CE004218163012070474F
:101990004321C4F202018A420EDD6B21C4F202012E
:1019A0008A421BDC4421C4F202018A423ED0582103
:1019B000C4F202018A4223E00821C4F202018A42F1
:1019C00032D01C21C4F202018A4237D03021C4F245
:1019D00002018A4214D14FF4807230E06C21C4F2CB
:1019E00002018A4226D08021C4F202018A4207D134
:1019F0004FF0807223E000BF1023CCF8003420E0C9
:101A00004FF480321BE000BF0123CCF8003418E013
:101A10000CF588614FF480338A4208BF4FF480533D
:101A2000CCF800340DE000BF012208E04FF48052F2
:101A300005E000BF4FF4801201E000BF1022CCF897
:101A40000020012180F82110416B0022002980F83C
:101A5000202004BF0020704780B58847002080BD4B
:101A6000B0B5044600F034F9054640F20400C2F275
:101A700000000078611C18BF044400BF00F028F982
:101A8000401BA042FAD3B0BD10B50446FFF7A6FB39
:101A9000022C09D0082C18BF10BD40F23A00C2F247
:101AA00000000121017010BD40F23900C2F20000B7
:101AB0000121017010BD000040F21441C4F2010187
:101AC0000A68024214BF08607047FFF7DDBF0000DC
:101AD0002DE9F04F82B00E68002E00F0E980A0F1F1
:101AE000804241F6004540F20043A2F58432C4F240
:101AF00001050624C4F201034FEAB227A84208BF39
:101B000005244FF0000E4FF001080F254FF0000A9A
:101B10004FF0000B052F38BF4FEAB224009408E0C5
:101B20000E680AF1010A36FA0AF20EF1040E00F00C
:101B3000BF8008FA0AFC16EA0C09F1D04E684FF68D
:101B4000FF72C1F21002964212DC122E56D8DFE864
:101B500006F0350B4D495555555555555555555567
:101B600055555545510000BFD1F80CB046E000BFB7
:101B70004FF6FF72C1F2210296420FDC0022C1F241
:101B8000110296421AD00022C1F21202964215D0DA
:101B90000022C1F22102964210D02FE00022C1F2B1
:101BA000220296420AD00022C1F23102964205D0AA
:101BB0000022C1F23202964220D100BF8A684AB1A7
:101BC000012A14BFC0F814C0C0F810C04FF0080BB1
:101BD00014E000BF4FF0040B10E000BFCA6802F130
:101BE000040B0BE04FF0000B08E000BFCA6802F1E5
:101BF000080B03E0CA6802F10C0B00BF02467446F2
:101C0000B9F5807F24BF0432203C166805FA04F73A
:101C100026EA07070BFA04F637431760CA79D2069B
:101C20007FF57EAF41F21807C4F202073A684FF61B
:101C3000084542F001023A603A68CFF6FF7502F0BB
:101C400001020192019A2AF003021A440F24575903
:101C50000EF00C06B440A743009C04FA06F6374386
:101C600057514E6840F20C44F2029A6854BF22EA7F
:101C7000090242EA0902C4F201049A602268B7022A
:101C800054BF22EA090242EA090222605A68B703F5
:101C900054BF22EA090242EA09025A600F251A6873
:101CA000F70354BF22EA090242EA09021A6037E741
:101CB00002B0BDE8F08F00008068084018BF012026
:101CC00070470000002A08BF090401617047000046
:101CD00040F2C060C2F2000000687047002804BFF4
:101CE00001207047F0B581B0044690F83D0028B956
:101CF000002084F83C00204600F090FB242084F86B
:101D00003D002068016821F001010160016841F493
:101D100000410160016821F40041016000F048FDCC
:101D2000636848F2A16CC0F2010C40F60011C0F2E9
:101D30003D0163453CBF48F28041C0F21E0188422C
:101D400002D2012001B0F0BD4DF68361C4F21B3117
:101D5000A0FB01122168970CD1F804E04FF49676AD
:101D60002EF03F0545EA92454D60774348F6381618
:101D70000D6AC0F24106A7FB067625F03F076345D2
:101D800038BF960C721C3A430A62CA6948F2A066D0
:101D90004CF6FF77C0F20106B34222EA07020BD8E5
:101DA00001385B00B0FBF3F001306FF31F30042803
:101DB00098BF04201BE000BFA768013857B119275E
:101DC0007B43B0FBF3F001306FF31F3070B100F5CF
:101DD000804007E003EB4303B0FBF3F001306FF307
:101DE0001F3018B100F5004001E000BF0120104392
:101DF000C8610868D4E9072320F0C00010431843E5
:101E00000860886848F2FF3204F10C0790438CCFD9
:101E100018431043A6698860C86820F0FF00384363
:101E20003043C860086840F00100086000202021AD
:101E3000206484F83D10206384F83E0001B0F0BDBA
:101E40002DE9F04784B0044600201F461646894617
:101E50000290FFF73DFF94F83D10202924D105465C
:101E6000206800BF816989071AD5FFF731FF411B40
:101E700020681A29F6D381698907F3D5002020212B
:101E8000206384F83D1084F83E00216C41F020016D
:101E9000216484F83C00022004B0BDE8F08700BF54
:101EA00094F83C10012903D1022004B0BDE8F0876A
:101EB000012184F83C100168C90703D1016841F091
:101EC000010101600168DDF8308021F400610160EA
:101ED000222184F83D10102184F83E100021216455
:101EE00066626785618D0227C0F201072185A7F12F
:101EF0000211E162E16A026811F5803F42F48062FA
:101F0000026018BF01293DD1016841F48071016070
:101F100020464FF0011100224346009501F094FF46
:101F200050B120680068C00544BF4FF400702064C1
:101F3000012004B0BDE8F0872069B0F5804F27D1BB
:101F400049F00100C0B22168424608612046394686
:101F50002B4602F05FF80028EAD1208D022861D0DC
:101F6000012849D0002840F07380002003902068A9
:101F700041690391816903910399016841F40071FA
:101F8000016071E00829BFD0216B1129BCD0BFE7E7
:101F9000062000EAD916206806F1F0010161B91D9A
:101FA000204642462B4602F035F80028C0D1206872
:101FB0005FFA89F101612046394642462B4602F01C
:101FC00029F80028B4D1002003902068002241693C
:101FD00043460391816903910399016841F480713B
:101FE000016020464FF00111009501F02DFF0028FF
:101FF00097D146F0F100A6E72068016821F48061DE
:102000000160EFF3108072B60020039020684169F0
:102010000391816903910399016841F400710160A2
:1020200062B621E02068016841F400610160EFF3CD
:10203000108072B600200390206841690391816985
:1020400003910399016821F48061016062B60BE09D
:102050002068016841F480610160002103914169B9
:102060000391806903900398208D002800F0CA80B6
:1020700040F20C094BF2895A0237C2F20009C1F250
:10208000F84A23260EE000BF10690870606A218DAF
:1020900001306062481E2085618D0139618501042F
:1020A00000F0B08080B203280CD802282CD0012880
:1020B0004AD1204641462A4602F018F8002800F08E
:1020C0009C8035E7204641462A4602F00FF800285A
:1020D0007FF42EAF2068616A00690870606A226828
:1020E000411C208D616201382085638D013B638531
:1020F00053695B07D3D580B20328C5D1106820F49B
:1021000080601060C0E700BF204639460022434689
:10211000009501F099FE00287FF40AAFEFF31080DC
:1021200072B62068616A026842F400720260006957
:102130000870606A218D01306062481E2085608DC4
:102140000138608562B658E0204639460022434691
:10215000009501F079FE00287FF4EAAE206801685E
:1021600021F480610160EFF3108072B62068616A2B
:1021700000690870606A218D013001396062218533
:10218000618D01396185D9F80010C908A1FB0A12D7
:10219000110A7143029102990139029102990029B1
:1021A0003CD021684A69520717D4029A013A029238
:1021B000029A9AB34A6952070FD4029A013A0292DC
:1021C000029A5AB34A69520707D4029A013A029214
:1021D000029A1AB34A695207DDD50A6842F40072BE
:1021E0000A6009690170606A218D01306062481ED1
:1021F0002085608D0138608562B62068616A00695B
:1022000043E700BF202084F83D00002084F83E0012
:1022100084F83C0004B0BDE8F08700BF0020202116
:10222000206384F83D1084F83E00216C41F02001C9
:10223000216462B684F83C00012004B0BDE8F08758
:102240002DE9F04383B01E46174689460446FFF742
:102250003FFD94F83D10202924D10546206800BF99
:10226000816989071AD5FFF733FD411B20681A29B8
:10227000F6D381698907F3D500202021206384F8F3
:102280003D1084F83E00216C41F02001216484F867
:102290003C00022003B0BDE8F08300BF94F83C107E
:1022A000012903D1022003B0BDE8F083012184F8A5
:1022B0003C100168C90703D1016841F001010160C8
:1022C000016840F2020821F400610160212184F8D4
:1022D0003D10102184F83E1000212164676266855C
:1022E000618DC0F201082185A8F10211E162E16A65
:1022F0000A9E11F5803F18BF01291DD1016841F4E4
:102300008071016020464FF0011100223346009594
:1023100001F09AFD50B120680068C00544BF4FF439
:1023200000702064012003B0BDE8F0832069B0F59F
:10233000804F07D1FE2015E00829DFD0216B12293C
:10234000DCD0DFE7062000EAD9102168F030086110
:1023500008F10601204632462B4601F05BFE0028BC
:10236000E0D1FF20216800EA0900086120464146CB
:1023700032462B4601F04EFE0028D3D100200290B9
:1023800020684169029180690290029806E000BFCE
:10239000204631462A4601F0F9FC18BB208D68B36F
:1023A000204631462A4601F0E9FED8B9606A216824
:1023B000024612F8013B0B616262628D013A62854E
:1023C000228D531E23854F697F07E1D51B04DFD083
:1023D000437802300B616062608D01386085901E29
:1023E0002085D5E7206C04289CD12068016841F441
:1023F00000710160012003B0BDE8F083206801682E
:1024000041F400710160202084F83D00002084F830
:102410003E0084F83C0003B0BDE8F08310B586B000
:10242000016845F60000C4F2000081424FF000014F
:10243000CDE90411CDE9021102D006B010BD00BFF4
:1024400041F21804C4F20204216800F5344041F05E
:1024500008012160216801F00801019101994FF400
:1024600040610291122103910321059102A9FFF716
:102470002FFB606840F480006060606800F48000BA
:102480000190019806B010BD40F2040040F2C06116
:10249000C2F20000C2F2000100780A68104408602D
:1024A0007047000080B542F20000C4F202000168EB
:1024B00041F010010160032000F08CF80F2000F0C3
:1024C00005F800F027F8002080BD000070B540F24C
:1024D0000406C2F2000640F20C013278C2F200019A
:1024E0004FF47A730968B3FBF2F20446B1FBF2F1E0
:1024F000084600F00DFD0F2C4FF0010508D838B943
:102500004FF0FF3021460022002500F037F87460BC
:10251000284670BD82B041F21800C4F20200016882
:10252000022241F001010160016801F00101019105
:102530000199416841F080514160406800F080504D
:10254000009000980420C4F20100016862F31A614F
:10255000016002B070470000002848BF704700F0DB
:102560001F01012202FA01F11C2202EAD0004EF200
:102570000012CEF2000281507047000010B54EF6F6
:102580000C5CCEF2000CDCF80030C3F3022E8EF0AF
:102590000704042C28BF0424BEF103034FF0FF3EC0
:1025A0000EFA04F438BF0023A14399400EFA03F356
:1025B0009A43114300F00F0200F160430901043A0D
:1025C00003F564436244002848BF02F10C0319700C
:1025D00010BD00004EF60C51CEF200010A684FF615
:1025E000FF031A4060F30A2242F0806040F0FD7061
:1025F00008607047002804BF012070472DE9F043B0
:1026000081B042F20008C4F202080446D8F8000083
:102610000D4600F0070081420CD9D8F8000020F0E8
:1026200007002843C8F80000D8F8000000F00700B1
:10263000A8426CD1206841F204098107C4F2020962
:1026400017D5410705D5D9F8001041F4E061C9F864
:102650000010010705D5D9F8001041F46051C9F800
:102660000010D9F80010A26821F0F0011143C9F858
:102670000010C00742D1D8F8000000F007008542E2
:102680000CD2D8F8000020F007002843C8F800005A
:10269000D8F8000000F00700A84238D120684107B0
:1026A00007D5D9F80010E26821F4E0611143C9F8B8
:1026B0000010000708D5D9F80000216920F4605007
:1026C00040EAC100C9F80000D9F8002002F00C006F
:1026D000082841F20020C0F27A004DD148F2A653FA
:1026E000C2F38341C0F60003595CD20338D440F6EC
:1026F0000010C0F23D0048433EE000BF606859F85A
:10270000041C022808D0012826D1890306D4012000
:1027100001B0BDE8F08300BF8901F8D5D9F80010F9
:1027200021F003010843C9F80000FFF7D1FA06467B
:1027300041F28837D9F80000616800F00C00B0EB76
:10274000810F98D0FFF7C4FA801BB842F2D903205A
:1027500001B0BDE8F08300BF8907D8D5DEE700BF30
:10276000D9F8002047F63473C2F34042C0F60003A4
:102770009A5C4843B0FBF2F0D9F8001047F61C729F
:10278000C1F30311C0F60002515C40F20C0220FAC2
:1027900001F140F20800C2F200000068C2F200023B
:1027A0001160FFF793FE002001B0BDE8F083000048
:1027B00040F20C0041F20401C2F20000C4F2020136
:1027C0000068096847F62C72C1F30221C0F60002C6
:1027D000515CC8407047000040F20C0041F2040117
:1027E000C2F20000C4F202010068096847F62C72C8
:1027F000C1F3C221C0F60002515CC840704700001E
:10280000002804BF012070472DE9F04182B0044642
:10281000007841F20006C007C4F202060CD07068CE
:1028200000F00C00042840F081803068800303D55C
:102830006068002800F04681207880071BD570680A
:1028400010F00C0F09D0706800F00C00082840F060
:1028500087807068C00300F183803068800703D5EB
:102860002069012840F02E813068616920F0F8006D
:1028700040EAC10030602078000713D42078400778
:102880002CD4E569002D00F01881706800F00C0070
:10289000082840F0A780012D40F00481012002B0FB
:1028A000BDE8F081A069002800F084800020C4F217
:1028B00042200121C0F88014FFF70AFA054600BF44
:1028C000706A800700F1B280FFF702FA401B02280D
:1028D000F6D9032002B0BDE8F08100BFF0695FEADD
:1028E000C00808D4F06940F08050F061F06900F051
:1028F00080500090009847F20007C4F20007386843
:10290000C00549D4386840F480703860FFF7E0F9BA
:10291000054600BF3868C0053ED4FFF7D9F9401B13
:102920006428F7D9032002B0BDE8F081706800F098
:102930000C00082803D17068C0033FF576AF6168CA
:102940003068002900F00C81B1F5A02F00F0008163
:10295000B1F5803F40F01A8140F480301CE100BFA7
:102960002069002840F20000C4F2422000F0888074
:1029700001210160FFF7ACF9054600BF3068800710
:102980003FF572AFFFF7A4F9401B0228F6D90320E8
:1029900002B0BDE8F08100BFE168306A002900F0B4
:1029A0009D80052900F09280012940F0AF8040F021
:1029B0000100B1E00020C4F242200021C0F88014E0
:1029C000FFF786F9054600BF706A80077FF556AFAE
:1029D000FFF77EF9401B0228F6D9032002B0BDE8BC
:1029E000F08100BF0027C4F2422700203866FFF7BD
:1029F0006FF9022D05460DD13068800140F1DE806F
:102A0000FFF766F9401B02284FF00300F4D902B02B
:102A1000BDE8F081306880014FD5FFF759F9401BC0
:102A200002284FF00300F5D9F1E700BF40F20C0097
:102A3000C2F20000006844F6D351C1F26201A0FB6B
:102A40000101480A019000BF00BF0198411E002803
:102A500001913FF413AF00BF0198411E002801917E
:102A60003FF40CAF00BF0198411E002801913FF4D4
:102A700005AF00BF0198411E00280191E4D1FDE699
:102A800000210160FFF724F9054600BF3068800788
:102A90007FF5F1AEFFF71CF9401B02284FF0030051
:102AA000F4D9B4E77068216A00F480328A4209D10F
:102AB000616A00F47010884204D1002002B0BDE8C1
:102AC000F08100BF012002B0BDE8F08140F00400B9
:102AD0003062306A40F001001EE000BF20F00100CB
:102AE0003062306A20F004003062FFF7F1F80546EA
:102AF00041F28837306A800720D5FFF7E9F8401B9C
:102B0000B8424FF00300F5D981E700BF20F0010083
:102B10003062306A20F004003062FFF7D9F80546D1
:102B200041F28837306A800708D4FFF7D1F8401B9C
:102B3000B842F7D9032002B0BDE8F081B8F1000F28
:102B40003FF59FAEF06920F08050F06199E600BF3C
:102B500040F480203060306840F480301CE000BFDA
:102B600020F480303060306820F480203060FFF73F
:102B7000AFF80546306880037FF55EAEFFF7A8F832
:102B8000401B64284FF00300F4D940E720F4803064
:102B90003060306820F480203060FFF799F80546F7
:102BA000306880033FF548AEFFF792F8401B642879
:102BB000F6D9032002B0BDE8F08100BF206AB0F56D
:102BC000803F05D17168A26821F400311143716022
:102BD0007168626A21F47411114308437060012026
:102BE0003866FFF775F80446306880013FF565AF39
:102BF000FFF76EF8001B02284FF00300F4D906E738
:102C000070B528B1416A29B100210161142106E0A3
:102C1000012070BD4168B1F5827F02D01C210022E5
:102C200042500026866290F8511029B980F8506011
:102C3000054600F039F82846022180F8511090E846
:102C40002E0002F482720C6803F4044324F0400462
:102C50000C601A4405F4006305691A4405F0020388
:102C600045691A4405F001038569C4691A4405F4ED
:102C700000731A4404F03803046A1A4404F0800311
:102C8000846A1A4304F400531A430A60042202EAD5
:102C900015424A60CA6922F40062CA610121466590
:102CA00080F85110304670BD80B586B0016843F69B
:102CB0000040C4F2000081424FF00001CDE9041150
:102CC000CDE9021102D006B080BD00BF41F218016B
:102CD000C4F202014A6800F5504042F400424A60E2
:102CE0004A6802F400420192019A0A6842F008021E
:102CF0000A60096801F008010191019928210291F7
:102D0000022103910321059102A9FEF7E1FE06B01D
:102D100080BD00002DE9F04182B01D4616460F46E9
:102D20000446FEF7D5FF94F8511001290ED18046D4
:102D3000002F4FF0010018BF002E03D102B0BDE8F4
:102D4000F08100BF94F85000012803D1022002B0A6
:102D5000BDE8F081012084F850000320002184F8B0
:102D6000510061652763A686E686A163A187E18796
:102D7000A0682164B0F5004F2068616407D1016844
:102D800021F040010160016841F480410160016867
:102D9000490603D4016841F0400101606168731E77
:102DA000E268B1FA81F1B3FA83F349095B09B2F53C
:102DB000006F41EA030139D131B137F8021BC1601C
:102DC0002763E08E0138E086E08E002870D0681C12
:102DD0000BD11AE0216B31F8022BC2602163E08E27
:102DE0000138E086E08E002862D02068816889077B
:102DF000F0D4FEF76DFFA0EB0800A842F2D338E054
:102E0000FEF766FFE08E002852D0206881688907AF
:102E1000F6D5216B31F8022BC2602163E08E0138B8
:102E2000E086E08E0028F0D142E000BF39B1397869
:102E30000173206B01302063E08E0138E086E08E64
:102E4000B0B3681C0BD123E0216B09780173206BB0
:102E500001302063E08E0138E086E08E40B32068C8
:102E600081688907F0D4FEF733FFA0EB0800A84281
:102E7000F3D3012084F85100002084F8500003208F
:102E800002B0BDE8F08100BFFEF722FFE08E78B10E
:102E9000206881688907F7D5216B09780173206B59
:102EA00001302063E08E0138E086E08E0028EFD10B
:102EB0002046022101222B46CDF8008002F0EAFBD9
:102EC00040B92046802100222B46CDF8008002F038
:102ED000E1FB28B1606D40F0200060652020606556
:102EE000A06838B9002001902068C168019180680D
:102EF00001900198012084F85100002084F85000CE
:102F0000606D002818BF012002B0BDE8F08100000C
:102F1000411E0020B0EB116F1CBF012070474EF224
:102F20001002CEF2000251604EF62351CEF20001A3
:102F3000F0230B700721906011607047704700000C
:102F40007047000090F83C20012A4FF0020242D066
:102F500010B580F83D200268D2F804E0D2F808C02D
:102F60000C682EF07003234340F6FF34C4F20004D3
:102F7000A242536010DCB2F1804F1FD040F20043F8
:102F8000C4F200039A4219D040F60003C4F20003D1
:102F90009A4213D017E000BF40F60043C4F200038A
:102FA0009A420BD043F20043C4F201039A4205D087
:102FB00042F60043C4F201039A4204D149682CF05E
:102FC0008003194391600121002280F83D1080F8B0
:102FD0003C20BDE81040104670470000002804BFA8
:102FE0000120704710B5044690F83D0028B9002034
:102FF00084F83C00204600F01FF8022084F83D00D1
:103000002068211D02F0D6FF012084F8460084F8D4
:103010003E0084F83F0084F8400084F8410084F8C2
:10302000420084F8430084F8440084F8450084F8A2
:103030003D00002010BD00000068B0F1804F18BFB7
:10304000704780B582B041F21C00C4F202000168F2
:10305000002241F0010101600068002100F0010040
:10306000019001981C20FFF789FA1C2002B0BDE8EE
:103070008040FFF771BA000090F83D1001291CBF95
:1030800001207047022180F83D10006840F6FF32B1
:10309000C168C4F20002904241F00101C1600FDC3E
:1030A000B0F1804F1ED040F20041C4F200018842CE
:1030B00018D040F60001C4F20001884212D018E096
:1030C00040F60041C4F2000188420BD043F20041B7
:1030D000C4F20101884205D042F60041C4F2010168
:1030E000884206D1816801F00701062904BF00204B
:1030F0007047016841F00101016000207047000045
:1031000090F83C20012A4FF002026CD080B580F884
:103110003D20D0F800C04FF67772DCF8083023EA83
:103120000202CCF808200B684F2B29DC1F2B45DD51
:10313000202B46D0302B44D0402B40F0AF80D1F82C
:1031400004E0C968DCF82030DCF8202022F001021D
:10315000CCF82020DCF8182022F0F00242EA01111D
:1031600023F00A0242EA0E02CCF81810CCF8202014
:10317000DCF8081041F0470121F0300128E000BFE1
:103180006F2B33DDB3F5005F74D0B3F5805F21D0D2
:10319000702B40F08380D1E901E3C968DCF8082096
:1031A00043EA0E0322F47F4243EA01211143CCF8A3
:1031B0000810DCF8081041F0770109E00BB1102B82
:1031C0006CD1DCF8081021F07001194341F00701BF
:1031D000CCF808100022012180F83D10002180F871
:1031E0003C10BDE880401046704700BF502B21D0F6
:1031F000602B53D1D1F804E0C968DCF82030DCF84A
:10320000202022F01002CCF82020DCF8182022F434
:10321000704242EA013123F0A00242EA0E12CCF8D9
:103220001810CCF82020DCF8081041F0670121F0DC
:103230001001CDE7D1F804E0C968DCF82030DCF8F3
:10324000202022F00102CCF82020DCF8182022F007
:10325000F00242EA011123F00A0242EA0E02CCF81F
:103260001810CCF82020DCF8081041F0570121F0AC
:103270002001ADE7D1E901E3C968DCF8082043EAA1
:103280000E0322F47F4243EA01211143CCF80810D7
:10329000DCF8081041F480419AE700BF01229AE768
:1032A0007047000070B504460068C5680669B1073C
:1032B00016D515F0020113D06FF002010161012152
:1032C00021778069800703D02046FFF7E9FF05E0FA
:1032D000204600F08FF8204600F08EF8002020777E
:1032E000700719D515F0040016D020686FF004019E
:1032F000016102212177806910F4407F04D02046CB
:10330000FFF7CEFF06E000BF204600F073F820462E
:1033100000F072F800202077300717D515F008006C
:1033200014D020686FF00801016104212177C06981
:10333000800703D02046FFF7B3FF05E0204600F0EA
:1033400059F8204600F058F800202077F00619D5EB
:1033500015F0100016D020686FF0100101610821EF
:103360002177C06910F4407F04D02046FFF798FF12
:1033700006E000BF204600F03DF8204600F03CF893
:1033800000202077F00718BF15F0010002D13006A9
:1033900009D412E020686FF001010161204600F0BD
:1033A0002DF8300609D515F0800006D020686FF0A2
:1033B000800101612046FFF7C1FD700609D515F0B7
:1033C000400006D020686FF040010161204600F007
:1033D00029F8B00658BF70BD15F0200008D021684C
:1033E0006FF0200220460A61BDE87040FFF7A8BDDB
:1033F00070BD000070470000704700000068B0F129
:10340000804F18BF704780B501F0D0F840F2380007
:10341000C2F2000000780128BDE8804008BFFDF737
:10342000FBBD704770470000704700007047000008
:10343000B0B582B001680A68CC684B6902F02F050C
:10344000202D04F0200505D125B102B0BDE8B04023
:1034500002F02CBE5FEA027C1EBF03F0010E04F4F2
:10346000907313EB0E0341D1036BD50618D5012BD6
:1034700016D114F0100313D0002201920A680192B1
:103480004A680192019A496949064BD4818DC28DDF
:10349000C38D002B18BF914240F0F48102B0B0BD43
:1034A00013062DD514F080032AD090F84120212A4C
:1034B000F4D18268B2F5805F03D10269002A00F07E
:1034C0006782026A531C036212784A60C28C013A16
:1034D0001304C284E2D1C86820F08000C860C868C4
:1034E00040F04000C86002B0B0BD00BFD30718BFB5
:1034F00014F4807340F0D080530700F1D380D8E0FB
:103500005206CBD514F04002C8D0CA6822F040025F
:10351000CA60202180F8411002B0BDE8B04000F040
:1035200031BC00BFC16B0A68526893B2002BB5D0A2
:10353000858DAB42B2D2C2858969202900F0A18075
:10354000016851E8031F026821F4807142E8031307
:10355000DBB1016851E8031F026821F4807142E881
:10356000031393B1016851E8031F026821F48071CD
:1035700042E803134BB1016851E8031F026821F4CC
:10358000807142E80313002BDAD1016851E8051F6E
:10359000026821F0010142E80513C3B3016851E854
:1035A000051F026821F0010142E805137BB30168A1
:1035B00051E8051F026821F0010142E8051333B309
:1035C000016851E8051F026821F0010142E8051376
:1035D000002BDAD11BE000BF016851E8051F02682B
:1035E00021F0400142E80513DBB1016851E8051FF5
:1035F000026821F0400142E8051393B1016851E8E7
:10360000051F026821F0400142E805134BB1016833
:1036100051E8051F026821F0400142E80513002B24
:10362000DAD1202180F8421000210163016851E8BD
:10363000031F026821F0100142E80313DBB10168A7
:1036400051E8031F026821F0100142E8031393B10F
:10365000016851E8031F026821F0100142E80313DA
:103660004BB1016851E8031F026821F0100142E8E4
:103670000313002BDAD1C16B04460846FEF734F978
:10368000204602214163818DC28D891A89B202B020
:10369000BDE8B040FFF7C8BE436C43F0010343648C
:1036A000530706D5BEF1000F03D0436C43F002036D
:1036B0004364930706D5BEF1000F03D0436C43F07B
:1036C00004034364BCF1000F06D55EEA050303D092
:1036D000436C43F008034364436C002B3FF4DEAEBD
:1036E000920605D525B1044602F0E0FC216820468B
:1036F0004969426C01F0400102F00802891800F0AB
:10370000B98000BF016851E8031F026821F490717D
:1037100042E80313BBB3016851E8031F026821F4B8
:10372000907142E8031373B3016851E8031F026804
:1037300021F4907142E803132BB3016851E8031F91
:10374000026821F4907142E80313002BDAD11AE0E9
:10375000016851E8051F026821F0010142E80513E4
:10376000DBB1016851E8051F026821F0010142E860
:10377000051393B1016851E8051F026821F00101AA
:1037800042E805134BB1016851E8051F026821F0BA
:10379000010142E80513002BDAD1016B012924D184
:1037A000016851E8031F026821F0100142E8031389
:1037B000DBB1016851E8031F026821F0100142E803
:1037C000031393B1016851E8031F026821F010014F
:1037D00042E803134BB1016851E8031F026821F06E
:1037E000100142E80313002BDAD1202180F84210A7
:1037F0000021016301684969490640F1C3800168FD
:1038000051E8051F026821F0400142E80513DBB1D1
:10381000016851E8051F026821F0400142E80513E4
:1038200093B1016851E8051F026821F0400142E8A8
:1038300005134BB1016851E8051F026821F04001F2
:1038400042E80513002BDAD1C16B002900F09A8001
:1038500046F2A102C0F60002044608464A63FEF79B
:1038600067F800283FF41AAEE06B416B02B0BDE888
:10387000B04008470446FFF7D9FD0020606402B05D
:10388000B0BD00BF891A00BF026852E8032F036869
:1038900022F4907243E80325BDB3026852E8032F77
:1038A000036822F4907243E8032575B3026852E876
:1038B000032F036822F4907243E803252DB30268B6
:1038C00052E8032F036822F4907243E80325002D89
:1038D000DAD11AE0026852E8052F036822F00102EB
:1038E00043E80525DDB1026852E8052F036822F0A0
:1038F000010243E8052595B1026852E8052F0368E7
:1039000022F0010243E805254DB1026852E8052F77
:10391000036822F0010243E80525002DDAD12022B8
:1039200080F8422000220263026852E8032F0368F5
:1039300022F0100243E80325DDB1026852E8032FAC
:10394000036822F0100243E8032595B1026852E8AB
:10395000032F036822F0100243E803254DB10268EB
:1039600052E8032F036822F0100243E80325002DDC
:10397000DAD1022289B2426302B0BDE8B040FFF75B
:1039800053BD00BF02B0BDE8B040FFF74FBD00BF60
:10399000026A32F8023B6FF35F234B60026295E5E7
:1039A000002804BF0120704710B5044690F841007C
:1039B00028B9002084F84000204600F063F8242055
:1039C00084F841002068D4E90212C36823F400534C
:1039D000C360036923F440531A430261D4E904230A
:1039E0001143C268194341F20C639A431143C16009
:1039F0004169A26921F44071114343F60002C4F207
:103A000001029042416103D0FEF7D2FE02E000BF06
:103A1000FEF7E2FED4E90023192148439900B0FBE8
:103A2000F1F048F21F5CC5F2EB1CA0FB0C314FF625
:103A30009C734909C0F6FF7301FB0300322303EBBB
:103A40000010A0FB0C03F02000EA531000EB011063
:103A5000C3F34311084490601069202120F4904082
:103A60001061506920F02A005061D06840F4005085
:103A7000D0600020606484F8411084F842106063D4
:103A800010BD000070B586B0006843F60001C4F2B6
:103A90000101002688420596CDE90366029641D0D1
:103AA00044F60041C4F2000188426AD141F2180094
:103AB000C4F20200416802AD41F400214160416856
:103AC00001F4002101910199016841F010010160A8
:103AD0000068294600F01000019001984FF48060C2
:103AE0000290022003900320059040F60000C4F2EB
:103AF000010000F500642046FDF7EAFF4FF4006086
:103B000002900020CDE9030020462946FDF7E0FFA2
:103B1000342002210022FEF731FD3420FEF71CFD87
:103B200006B070BD41F21800C4F20200016840F610
:103B3000000441F4804101600168C4F2010401F411
:103B4000804101910199016802AD41F004010160D9
:103B50000068294600F00400019001984FF40070BD
:103B6000029002200390032005902046FDF7B0FF4D
:103B70004FF48060CDE90206204629460496FDF701
:103B8000A7FF06B070BD000090F84230202B07D18F
:103B900000294FF0010318BF002A05D118467047CD
:103BA00002231846704700BF00230363816222216D
:103BB0008285C285436480F842100169006819B1AA
:103BC000C16841F48071C160416941F00101416106
:103BD000C16841F02001C1601846704740F2781179
:103BE000C2F20001884218BF704702F0E3BA000039
:103BF0002DE9F04381B0044690F84100202809D116
:103C000000294FF0010018BF002A07D101B0BDE81C
:103C1000F08300BF022001B0BDE8F08300206064A3
:103C200021201D460E4684F841001746FEF750F845
:103C3000A784E784A1688146B1F5805F02D120693D
:103C400000285DD037460020E28C2168002A5DD034
:103C50006A1C24D0002D4AD0804600BF08680006A8
:103C600008D4FEF735F8A0EB0900A8427AD82168FD
:103C7000C868F3E717B117F8010B04E038F8020B36
:103C800000276FF35F204860E08C0138E084E08C0F
:103C90000028E3D13AE000BF0A68120609D40A6896
:103CA000120606D40A6812065CBF0A685FEA02625E
:103CB000F2D51FB117F8012B05E000BF30F8022B39
:103CC00000276FF35F224A60E28C013AE284E28CC3
:103CD000002AE4D11AE000BF30F8022B00276FF36E
:103CE0005F224A60E28C013AE284E28C72B10A6897
:103CF000120635D5002FEFD017F8012BF1E700BFE2
:103D000000273046E28C2168002AA1D108684006CD
:103D10001ED42DB3681C14D1086840062AD4086844
:103D2000400627D40868400624D4086840064FF0AF
:103D30000000F1D50DE000BF2068C16800684006B2
:103D400018D4FDF7C5FFA0EB0900A842F4D909E09B
:103D50000020202184F8411001B0BDE8F08300BFAD
:103D6000FDF7B6FF0320202184F8411001B0BDE823
:103D7000F08300BF0020202184F8411001B0BDE88D
:103D8000F083000070470000FEE7000070B5036894
:103D9000044653F8140F400711D40E46481C29D08E
:103DA00086BB00BF1868400527D4FDF791FF236844
:103DB00053F8140F400737D518684007F2D5002094
:103DC00070BD00BF18684007F9D41868400514D4C6
:103DD00018684007F3D4186840050ED418684007E7
:103DE000EDD41868400508D4186840074FF000006B
:103DF00048BF70BD18684005E4D56FF48060186056
:103E0000042012E0154603E053F8140F4007D6D4FF
:103E100018684005F1D4FDF75BFF401B2368B042F2
:103E2000F2D958694007EFD42020002120222163D5
:103E300084F83D2084F83E10226C10432064012059
:103E400084F83C1070BD00002DE9F0410546006883
:103E50001E46144601F47F0201338FB242D0DDF8D2
:103E60001880B2F5803F40F0878040693840C01B21
:103E7000B0FA80F04009844240F0C8804EB924E096
:103E800040693840C01BB0FA80F04009844240F0DD
:103E9000BD80FDF71DFFA0EB08012868B142EFD9F6
:103EA00041693940C91BB1FA81F149098C42E7D116
:103EB0009BE000BF40693840C01BB0FA80F0400969
:103EC00084424FF0000040F0A280FDF701FF286817
:103ED00041693940C91BB1FA81F149098C42E9D1E4
:103EE00083E000BFB2F5803F24D100BF4169394073
:103EF000C91BB1FA81F149098C4240F087804169C0
:103F00003940C91BB1FA81F149098C4240F07E80E9
:103F100041693940C91BB1FA81F149098C4275D117
:103F200041693940C91BB1FA81F149098C42DDD0A0
:103F30006CE000BF81693940C91BB1FA81F14909C0
:103F40008C4263D181693940C91BB1FA81F14909B9
:103F50008C425BD181693940C91BB1FA81F14909B1
:103F60008C4253D181693940C91BB1FA81F14909A9
:103F70008C42DFD04AE000BF80693840C01BB0FAF5
:103F800080F04009844241D146B923E0806938403D
:103F9000C01BB0FA80F04009844237D1FDF798FE8B
:103FA000A0EB08012868B142F0D981693940C91BEA
:103FB000B1FA81F149098C42E8D116E080693840B4
:103FC000C01BB0FA80F0400984424FF0000018BFD7
:103FD000BDE8F081FDF77CFE286881693940C91B86
:103FE000B1FA81F149098C42E8D1002020212863EF
:103FF00085F83D1085F83E00296C41F020012964C8
:1040000085F83C000120BDE8F08100BF0020BDE83C
:10401000F0810000F0B581B0044600681D46436998
:104020008FB203EA0701B94202D1002001B0F0BD0E
:104030004169164601323CD0490512D47EB300BF17
:10404000FDF746FE411B2068B14203D94169394062
:10405000B9422BD141693940B942E6D0416949059D
:10406000EED5016841F4007101606FF48061416137
:10407000042000212022216384F83D2084F83E1092
:10408000226C1043206484F83C10012001B0F0BD84
:1040900041693940B942C8D041694905E1D4FDF7C9
:1040A00017FE206841693940B942F1D02020E0E78D
:1040B00041694905D5D441693940B942B5D0416912
:1040C0004905CED441693940B942AED0416949056C
:1040D000C7D441693940B942A7D041694905C0D424
:1040E00041693940B942E3D19FE7000070B5044609
:1040F0000068154650F8143F5A063DD40E4629B9BB
:1041000026E000BF50F8141F490635D40168C906DF
:1041100021D4FDF7DDFD411B2068B142F2D9416990
:104120004906EFD400202021206384F83D1084F854
:104130003E00206C40F0200018E000BFFDF7C8FDF5
:10414000206850F8141F4906ECD50168490613D4BD
:104150000168C906F2D56FF010010160002020212E
:10416000206384F83D1084F83E00206C2064002019
:1041700084F83C00012070BD002070BD70B503685C
:10418000044653F8140F000611D40E46481C29D0DB
:1041900086BB00BF1868400527D4FDF799FD23684A
:1041A00053F8140F000637D518680006F2D5002022
:1041B00070BD00BF18680006F9D41868400514D413
:1041C00018680006F3D4186840050ED41868000675
:1041D000EDD41868400508D4186800064FF00000B8
:1041E00048BF70BD18684005E4D56FF48060186062
:1041F000042012E0154603E053F8140F0006D6D44D
:1042000018684005F1D4FDF763FD401B2368B042F8
:10421000F2D958690006EFD4202000212022216322
:1042200084F83D2084F83E10226C10432064012065
:1042300084F83C1070BD000040F21001C2F2000191
:10424000002200208A70CA700A714A718A71CA718C
:104250008A600A7001F0B0BAB0B540F21004C2F240
:1042600000042078E8B9207901280BD100202071C2
:10427000A078013041B20329C8BF0020A070C0B2AD
:1042800001F09AFAA07901280BD10020A071A07842
:10429000013841B2002948BF0320A070C0B201F02C
:1042A0008BFAA06848B1FDF713FDA168401A652894
:1042B00003D30120E0710020A060E079012818BF3D
:1042C000B0BD0025E571207860B12078012819D1B2
:1042D0000020207002F024F8A078BDE8B04001F082
:1042E0006BBA00BFA07860700120207002F018F84F
:1042F0006571E570A57125716078BDE8B040FCF787
:104300001FBF00BFB0BD00002DE9F04786B00026FA
:1043100041F21800CDE90466CDE90266C4F202005C
:10432000016840F6004441F0200101600168C4F2D8
:10433000010401F02001019101990168002241F07E
:104340001001016001684FF4887801F010010191BB
:104350000199016841F008010160016801F008015C
:1043600001910199016841F00401016000684FF476
:10437000887100F00400019001982046FDF7A2FC2E
:104380000A20002702AD0290C1F2110704F58060F7
:104390002946CDE90376FDF79BFB4FF00109204646
:1043A0002946CDE902970496FDF792FB4FF0020AE9
:1043B00020462946CDE902A60496FDF789FB042094
:1043C000029007F58010CDE9030620462946FDF747
:1043D0007FFB20462946CDE90289CDE9046AFDF735
:1043E00077FB062000210022FEF7C8F80620FEF722
:1043F000B3F8072003210022FEF7C0F80720FEF7DC
:10440000ABF8082000210022FEF7B8F80820FEF7DC
:10441000A3F8092001210022FEF7B0F80920FEF7D9
:104420009BF806B0BDE8F08780B540F23C0045F649
:104430000001C2F20000C4F2000148F2A0620023B1
:104440004FF4804CC0F2010280E80E00C0E9033C4A
:10445000C0E90533C0E90733FDF740FC002808BF79
:1044600080BDBDE88040FCF7B3BE000080B540F2DF
:10447000900043F6004CC2F20000C4F2000C4FF46E
:1044800082724FF4004300214FF4007EC0E900C265
:104490000A22C0E90231C0E90411C0E906E1C0E91D
:1044A0000811C0E90A12FEF7ABFB002808BF80BD67
:1044B000BDE88040FCF78CBE80B586B040F2E800D5
:1044C0000021C2F2000042F20F7C0591CDE90311F8
:1044D000CDE900114FF0804241F61F43C0E9021CB4
:1044E00001618021C0E900238161FEF777FD00288A
:1044F00018BFFCF76DFE4FF48050029040F2E800C8
:10450000C2F2000002A9FEF7FBFD002818BFFCF76D
:104510005FFE40F2E800C2F200006946FEF712FDBD
:10452000002818BFFCF754FE06B080BD80B540F2ED
:10453000781044F60041C2F20000C4F200010023EA
:104540004FF00C0C4FF4E13280E80E00C0E9033369
:10455000C0E905C3C361FFF723FA002808BF80BD87
:10456000BDE88040FCF734BE80B540F2301043F621
:104570000001C2F20000C4F2010100234FF00C0C54
:104580004FF4E13280E80E00C0E90333C0E905C30F
:10459000C361FFF705FA002808BF80BDBDE8804071
:1045A000FCF716BEFEE70000FEE7000040F22C001C
:1045B000C2F20000C1780131C170C1783C2910D32A
:1045C0000021C17082780132827082783C2A08D33F
:1045D00081704178013141704178182924BF002150
:1045E00041700121C17170472DE9F04F8BB0092A4C
:1045F00000F27A81082B00F0D780052B40F07481FF
:1046000048F65803C2EBC202C0F6000303EB0208EF
:10461000421CC31C4FFA82FE821C4FFA83FA041D0F
:1046200040F2C0234FFA82FC62B2C2F200030025BE
:104630004FF0070B03EBC2090A9200E002354C1958
:10464000E6B23F2E56D8ABEBD6072BEA040618F994
:1046500005400122C34602FA06F6B4F1FF3FFFB25D
:104660000BDC42B2002A08D440F2C022C2F200029F
:1046700002EBC002D35D3343D3555FFA84F85FEA9F
:1046800048620BD5BEF1000F08D440F2C022C2F23E
:10469000000202EBCE02D35D3343D3555FEA88625A
:1046A0000BD5BCF1000F08D440F2C022C2F20002C8
:1046B00002EBCC02D35D3343D3555FEAC8620BD51E
:1046C000BAF1000F08D440F2C022C2F2000202EB9D
:1046D000CA02D35D3343D3555FEA0872D8464FF020
:1046E000070B07D50A9A002A04D419F80720324389
:1046F00009F80720062D00F0F7806A1C8C18E6B236
:104700003F2E9BD82BEA040308EB050494F90140E3
:10471000ABEBD60201269E40B4F1FF3FD7B20BDCD3
:1047200042B2002A08D440F2C022C2F2000202EBD8
:10473000C002D35D3343D355E4B262060BD5BEF15C
:10474000000F08D440F2C022C2F2000202EBCE02F7
:10475000D35D3343D355A2060BD5BCF1000F08D46B
:1047600040F2C022C2F2000202EBCC02D35D33431E
:10477000D355E2060BD5BAF1000F08D440F2C0229F
:10478000C2F2000202EBCA02D35D3343D3552207C3
:104790007FF554AF0A9A002A3FF550AF19F8072069
:1047A000324309F8072049E748F69E03C0F60003A4
:1047B00003EB02120A92421C4FFA82F8821C4FFA53
:1047C00082FEC21C56B2021D53B2421D54B2821D5B
:1047D00055B2C21D57B240F2C022C2F20002039786
:1047E00002EBC707029702EBC507019702EBC4076C
:1047F000069302EBC30302EBC60CCDF820E002EBFC
:10480000CE0ECDF8248002EBC80802EBC0094FF0B1
:10481000000A4FF0070B049505940097079604E0F3
:104820000AF1010ABAF1100F5ED001EB0A02D6B20A
:104830003F2EF5D8ABEBD6050A9E2BEA020216F9FD
:104840000A60012404FA02F7B6F1FF3FEAB207DC7E
:1048500045B2002D04D419F802503D4309F8025026
:10486000F6B2750607D5099D002D04D418F802503C
:104870003D4308F80250B50607D5089D002D04D425
:104880001EF802503D430EF80250F50607D5079D6D
:10489000002D04D41CF802503D430CF8025035079B
:1048A00005D5069D002D02D49D5C3D439D547507A2
:1048B00006D5059D002D03D4009CA55C3D43A55461
:1048C000B50706D5049D002D03D4019CA55C3D438E
:1048D000A554F507A4D0039D002DA1D4029EB55C7C
:1048E0003D43B5549CE700BF0BB0BDE8F08F00001E
:1048F0002DE9F04F87B0CDE9002307238B4623EA4B
:104900000102012101FA02F2D2430692CBF1060222
:1049100002F0070201FA02F2D2430592CBF105023E
:1049200002F0070201FA02F2D2430492CBF1040230
:1049300002F0070201FA02F2D24303928BF0030263
:1049400002F0070201FA02F2D543CBF1020202F0B3
:10495000070201FA02F26FEA0209CBF1010202F04A
:10496000070201FA02F26FEA020ACBF1000202F03A
:104970000702914040F2C02ECE430021C2F2000E49
:1049800005E000BF02990131502900F091800291A9
:1049900001444AB2002AF5D4C9B24FF000080EEB28
:1049A000C10204E0C9B21F2908F10808EAD208EBE5
:1049B0000B0C5FFA8CF13F2932D90CF10101C9B21D
:1049C0003F2939D90CF10201C9B23F2940D90CF174
:1049D0000301C9B23F2947D90CF10401C9B23F29EB
:1049E0004ED90CF10501C9B23F2954D90CF1060189
:1049F000C9B23F2906D8A3EBD101C9B2545C04EA7D
:104A00000A04545448F0070101EB0B04E4B23F2CB4
:104A1000C8D8A3EBD404E4B2175D37401755C1E7FB
:104A2000A3EBD101C9B2545C069F3C4054540CF135
:104A30000101C9B23F29C5D8A3EBD101C9B2545C69
:104A4000059F3C4054540CF10201C9B23F29BED825
:104A5000A3EBD101C9B2545C049F3C4054540CF107
:104A60000301C9B23F29B7D8A3EBD101C9B2545C45
:104A7000039F3C4054540CF10401C9B23F29B0D803
:104A8000A3EBD101C9B2545C2C4054540CF1050184
:104A9000C9B23F29AAD8A3EBD101C9B2545C04EA38
:104AA000090454540CF10601C9B23F29A3D9A9E75E
:104AB00048F2B6594FF0000AC0F600094FF0070857
:104AC0004FF0010C07E000BF0AF1010ABAF1200F14
:104AD00009F1040976D00BEB0A02D3B23F2BF3D8CD
:104AE000A8EBD30128EA02020CFA02F7CCB20026A6
:104AF0004B4602E00836202EE6D013F9012BB2F126
:104B0000FF3F08DC811949B2002904D40EEBC10132
:104B10000D5D3D430D55D2B2510609D581190131C4
:104B200049B2002904D40EEBC1010D5D3D430D5582
:104B3000910609D58119023149B2002904D40EEB3E
:104B4000C1010D5D3D430D55D10609D581190331D4
:104B500049B2002904D40EEBC1010D5D3D430D5552
:104B6000110709D58119043149B2002904D40EEB8B
:104B7000C1010D5D3D430D55510709D58119053121
:104B800049B2002904D40EEBC1010D5D3D430D5522
:104B9000910709D58119063149B2002904D40EEBD9
:104BA000C1010D5D3D430D55D107A3D081190731DA
:104BB00049B200299ED40EEBC1010A5D3A430A5561
:104BC00098E700BF2030C6B2009A3046594602F03E
:104BD0007DF90BF11000019AC1B2304602F076F96E
:104BE00007B0BDE8F04F02F0CDB800002DE9F04F5E
:104BF00083B09046CD2208FB02F34FEAD32A0AEB9A
:104C00008A03A8EB4303029301FB02F34FEAD32B81
:104C10000BEB8B03A1EB4301019100FB02F1CA0AEC
:104C200002EB820140F2C029A0EB41076FF00F00B8
:104C3000C2F2000909EB000191F84431103003F091
:104C40007F0381F8443191F84431B0F5B87F03F027
:104C5000BF0381F8443191F8443103F0DF0381F858
:104C6000443191F8443103F0EF0381F8443191F875
:104C7000443103F0F70381F8443191F8443103F0F3
:104C8000FB0381F8443191F8443103F0FD0381F8CE
:104C9000443191F8443103F0FE0381F8443191F836
:104CA000433103F07F0381F8433191F8433103F03E
:104CB000BF0381F8433191F8433103F0DF0381F8FA
:104CC000433191F8433103F0EF0381F8433191F818
:104CD000433103F0F70381F8433191F8433103F096
:104CE000FB0381F8433191F8433103F0FD0381F870
:104CF000433191F8433103F0FE0381F8433191F8D9
:104D00004C3103F07F0381F84C3191F84C3103F0C2
:104D1000BF0381F84C3191F84C3103F0DF0381F887
:104D20004C3191F84C3103F0EF0381F84C3191F89C
:104D30004C3103F0F70381F84C3191F84C3103F01A
:104D4000FB0381F84C3191F84C3103F0FD0381F8FD
:104D50004C3191F84C3103F0FE0381F84C3191F85D
:104D60004B3103F07F0381F84B3191F84B3103F065
:104D7000BF0381F84B3191F84B3103F0DF0381F829
:104D80004B3191F84B3103F0EF0381F84B3191F83F
:104D90004B3103F0F70381F84B3191F84B3103F0BD
:104DA000FB0381F84B3191F84B3103F0FD0381F89F
:104DB0004B3191F84B3103F0FE0381F84B317FF416
:104DC00039AF262018210823FFF70EFCFAB22E2057
:104DD00018210823FFF708FC48F2965300204FF0F3
:104DE000070E0122C0F600034FF0060C03E000BFDF
:104DF000023010287AD000F11806F6B2AEEBD604D5
:104E000000F0060686F007051E5602FA05F5B6F113
:104E1000FF3FE4B226DDF6B271062DD4B10634D4DC
:104E2000F10606D509EB040191F8C8412C4381F83D
:104E3000C84100F119041D18411CE4B295F9016044
:104E4000AEEBD4042CEA010102FA01F5B6F1FF3F02
:104E5000E4B225DDF6B271062CD4B10633D4F106E6
:104E6000C6D53AE009EB040797F8B011294387F853
:104E7000B011F6B27106D1D509EB040191F8B87101
:104E80002F4381F8B871B106CAD509EB040191F836
:104E9000C0712F4381F8C071F106C3D4C9E700BFC8
:104EA00009EB040191F8B0712F4381F8B071F6B2AB
:104EB0007106D2D509EB040191F8B8712F4381F83E
:104EC000B871B106CBD509EB040191F8C0712F433D
:104ED00081F8C071F1067FF58BAF09EB040191F801
:104EE000C8412C4381F8C84182E700BF3A2018210D
:104EF0005A460823FFF778FB01981821C2B24220D6
:104F00000823FFF771FB48F65800B8F1630FC0F6AD
:104F1000000000F28C80CAEBCA014256B2F1FF3F9A
:104F2000D2B240F36982530600F16F82930600F11A
:104F30007582D306014400F17B82120700F1818261
:104F400091F90120B2F1FF3FD2B240F387825306BC
:104F500000F18D82930600F19382D30600F19982CD
:104F6000120700F19F8291F90220B2F1FF3FD2B205
:104F700040F3A582530600F1AB82930600F1B182A3
:104F8000D30600F1B782120700F1BD8291F9032028
:104F9000B2F1FF3FD2B240F3C382530600F1C9829F
:104FA000930600F1CF82D30600F1D582120700F1FB
:104FB000DB8291F90420B2F1FF3FD2B240F3E182EB
:104FC000530600F1E782930600F1ED82D30600F16B
:104FD000F382120700F1F98291F90520B2F1FF3F47
:104FE000D2B240F3FF82530600F10583930600F12D
:104FF0000B83D30600F11183120700F1178391F997
:105000000610B1F1FF3FC9B240F31D834A0600F11B
:1050100023838A0600F12983CA0600F12F8309073A
:1050200005D599F8731241F0100189F873120299AD
:10503000C9B2C1EBC1028156B1F1FF3FC9B240F321
:1050400085804B0600F18B808B0600F19180CB06AA
:10505000104400F19780090700F19D8090F901103C
:10506000B1F1FF3FC9B240F3A3804A0600F1A98025
:105070008A0600F1AF80CA0600F1B580090700F189
:10508000BB8090F90210B1F1FF3FC9B240F3C1807B
:105090004A0600F1C7808A0600F1CD80CA0600F1F9
:1050A000D380090700F1D98090F90310B1F1FF3FD7
:1050B000C9B240F3DF804A0600F1E5808A0600F1BC
:1050C000EB80CA0600F1F180090700F1F78090F942
:1050D0000410B1F1FF3FC9B240F3FD804A0600F170
:1050E00003818A0600F10981CA0600F10F810907D0
:1050F00000F1158190F90510B1F1FF3FC9B240F3FD
:105100001B814A0600F121818A0600F12781CA0627
:1051100000F12D81090700F1338190F90600B0F10B
:10512000FF3FC0B240F33981410600F13F81810663
:1051300000F14581C10600F14B81000700F151816A
:1051400003B0BDE8F04F01F01DBE00BF99F88432F6
:1051500043F0040389F884324B067FF575AF99F864
:105160008C3243F0040389F88C328B067FF56FAFE5
:1051700099F8943243F0040389F89432CB06104432
:105180007FF569AF99F89C2242F0040289F89C22CD
:1051900009077FF563AF99F8A41241F0040189F87B
:1051A000A41290F90110B1F1FF3FC9B23FF75DAF12
:1051B00099F8842242F0020289F884224A067FF597
:1051C00057AF99F88C2242F0020289F88C228A06A5
:1051D0007FF551AF99F8942242F0020289F89422A7
:1051E000CA067FF54BAF99F89C2242F0020289F87B
:1051F0009C2209077FF545AF99F8A41241F00201FE
:1052000089F8A41290F90210B1F1FF3FC9B23FF73B
:105210003FAF99F8842242F0010289F884224A06BD
:105220007FF539AF99F88C2242F0010289F88C227F
:105230008A067FF533AF99F8942242F0010289F88B
:105240009422CA067FF52DAF99F89C2242F0010204
:1052500089F89C2209077FF527AF99F8A41241F03D
:10526000010189F8A41290F90310B1F1FF3FC9B20E
:105270003FF721AF99F8832242F0800289F8832218
:105280004A067FF51BAF99F88B2242F0800289F81D
:105290008B228A067FF515AF99F8932242F080029F
:1052A00089F89322CA067FF50FAF99F89B2242F046
:1052B000800289F89B2209077FF509AF99F8A312AC
:1052C00041F0800189F8A31290F90410B1F1FF3F79
:1052D000C9B23FF703AF99F8832242F0400289F840
:1052E00083224A067FF5FDAE99F88B2242F04002F8
:1052F00089F88B228A067FF5F7AE99F8932242F05F
:10530000400289F89322CA067FF5F1AE99F89B22F4
:1053100042F0400289F89B2209077FF5EBAE99F82D
:10532000A31241F0400189F8A31290F90510B1F1E0
:10533000FF3FC9B23FF7E5AE99F8832242F0200261
:1053400089F883224A067FF5DFAE99F88B2242F076
:10535000200289F88B228A067FF5D9AE99F893222C
:1053600042F0200289F89322CA067FF5D3AE99F85D
:105370009B2242F0200289F89B2209077FF5CDAEDF
:1053800099F8A31241F0200189F8A31290F90600C0
:10539000B0F1FF3FC0B23FF7C7AE99F8831241F0BA
:1053A000100189F8831241067FF5C1AE99F88B127E
:1053B00041F0100189F88B1281067FF5BBAE99F898
:1053C000931241F0100189F89312C1067FF5B5AE32
:1053D00099F89B1241F0100189F89B1200077FF5A4
:1053E000AFAE99F8A30240F0100089F8A30203B011
:1053F000BDE8F04F01F0C6BC99F8543243F0040305
:1054000089F8543253067FF591AD99F85C3243F038
:10541000040389F85C3293067FF58BAD99F864320A
:1054200043F0040389F86432D30601447FF585AD67
:1054300099F86C3243F0040389F86C3212077FF557
:105440007FAD99F8742242F0040289F8742291F930
:105450000120B2F1FF3FD2B23FF779AD99F8543253
:1054600043F0020389F8543253067FF573AD99F87F
:105470005C3243F0020389F85C3293067FF56DAD30
:1054800099F8643243F0020389F86432D3067FF559
:1054900067AD99F86C3243F0020389F86C32120759
:1054A0007FF561AD99F8742242F0020289F8742206
:1054B00091F90220B2F1FF3FD2B23FF75BAD99F80C
:1054C000543243F0010389F8543253067FF555AD49
:1054D00099F85C3243F0010389F85C3293067FF55A
:1054E0004FAD99F8643243F0010389F86432D30672
:1054F0007FF549AD99F86C3243F0010389F86C32BD
:1055000012077FF543AD99F8742242F0010289F841
:10551000742291F90320B2F1FF3FD2B23FF73DADC3
:1055200099F8533243F0800389F8533253067FF5DC
:1055300037AD99F85B3243F0800389F85B3293060C
:105540007FF531AD99F8633243F0800389F8633217
:10555000D3067FF52BAD99F86B3243F0800389F8C1
:105560006B3212077FF525AD99F8732242F0800265
:1055700089F8732291F90420B2F1FF3FD2B23FF7CC
:105580001FAD99F8533243F0400389F85332530664
:105590007FF519AD99F85B3243F0400389F85B322F
:1055A00093067FF513AD99F8633243F0400389F811
:1055B0006332D3067FF50DAD99F86B3243F04003AB
:1055C00089F86B3212077FF507AD99F8732242F024
:1055D000400289F8732291F90520B2F1FF3FD2B25F
:1055E0003FF701AD99F8533243F0200389F8533265
:1055F00053067FF5FBAC99F85B3243F0200389F842
:105600005B3293067FF5F5AC99F8633243F02003E3
:1056100089F86332D3067FF5EFAC99F86B3243F02B
:10562000200389F86B3212077FF5E9AC99F87322F1
:1056300042F0200289F8732291F90610B1F1FF3F80
:10564000C9B23FF7E3AC99F8532242F0100289F84F
:1056500053224A067FF5DDAC99F85B2242F0100236
:1056600089F85B228A067FF5D7AC99F8632242F06D
:10567000100289F86322CA067FF5D1AC99F86B2233
:1056800042F0100289F86B2209073FF5CAACCEE45C
:10569000704700002DE9F04381B0089C98461546FC
:1056A0000E468146FCF714FB201A00EB0804FCF7B9
:1056B0000FFB40F20C01C2F200010968C1F3CB31CB
:1056C00061430091D9F800108A683240921BB2FA07
:1056D00082F2520995423DD0074618F1010031D0BF
:1056E000FCF7F6FAC01BA04238D2009800990028B7
:1056F000A1F101010091D9F80010896808BF0446A2
:1057000001EA0600801BB0FA80F040098542E7D12B
:1057100020E000BF88683040801BB0FA80F040096C
:10572000854217D088683040801BB0FA80F040096D
:1057300085420FD088683040801BB0FA80F0400965
:10574000854207D088683040801BB0FA80F040095D
:105750008542DFD1002001B0BDE8F083D9E9000126
:105760004268B1F5827F22F0E00242600BD1D9F8A5
:105770000810B1F5004F02D0B1F5806F03D1016878
:1057800021F040010160D9F82810B1F5005F07D180
:10579000016821F400510160016841F40051016089
:1057A000012089F85100002089F85000032001B041
:1057B000BDE8F0837047000070B582B00446002059
:1057C00000902E201021202220231026202500F0DA
:1057D0008BFF48F2C872C0F600026C20182110231B
:1057E000009600F0AFFE48F2E872C0F60002022018
:1057F00018211023009600F0A5FE032C08D807A05E
:1058000050F824202E2010212023009500F09AFE2D
:1058100002B0BDE8704001F0B5BA00BF4287000891
:10582000B6850008BC860008368600082DE9F04FD2
:1058300081B0830841F27B477B435B0C642703FB09
:105840001700CD2701FB07F64FEAD62B0BEB8B0693
:10585000A1EB460902FB07F14FEAD12A0AEB8A01C4
:10586000A2EB41084FF6804140F2C027CFF6FF710E
:10587000C2F200077A1892F8D763103106F0FD06DD
:1058800082F8D76392F8D76306F0FE0682F8D763F2
:1058900092F8D66306F07F0682F8D66392F8D66354
:1058A00006F0BF0682F8D66392F8D66306F0DF06EC
:1058B00082F8D66392F8D66306F0EF0682F8D663D4
:1058C00092F8D66306F0F70682F8D66392F8D663AC
:1058D00006F0FB0682F8D66392F8D66306F0FD0662
:1058E00082F8D66392F8D66306F0FE0682F8D66395
:1058F00092F8D56306F07F0682F8D56392F8D563F7
:1059000006F0BF0682F8D56392F8D56306F0DF068D
:1059100082F8D56392F8D56306F0EF0682F8D56376
:1059200092F8D56306F0F70682F8D56392F8D5634E
:1059300006F0FB0682F8D56392F8DF6306F0FD06F9
:1059400082F8DF6392F8DF6306F0FE0682F8DF6319
:1059500092F8DE6306F07F0682F8DE6392F8DE637B
:1059600006F0BF0682F8DE6392F8DE6306F0DF061B
:1059700082F8DE6392F8DE6306F0EF0682F8DE63FB
:1059800092F8DE6306F0F70682F8DE6392F8DE63D3
:1059900006F0FB0682F8DE6392F8DE6306F0FD0691
:1059A00082F8DE6392F8DE6306F0FE0682F8DE63BC
:1059B00092F8DD6306F07F0682F8DD6392F8DD631E
:1059C00006F0BF0682F8DD6392F8DD6306F0DF06BD
:1059D00082F8DD6392F8DD6306F0EF0682F8DD639E
:1059E00092F8DD6306F0F70682F8DD6392F8DD6376
:1059F00006F0FB0682F8DD637FF43CAFD9B2CD261A
:105A00007143CA0A02EB8201A3EB4104C1B27143A4
:105A1000CE0A06EB8601A0EB41050A2006210823E9
:105A2000FEF7E2FDE2B2122006210823FEF7DCFDBC
:105A30001A20062132460823FEF7D6FDEAB22220BC
:105A400006210823FEF7D0FD48F2765300204FF0E0
:105A5000070E4FF0010CC0F6000303E001301028E0
:105A600000F0C080861DF5B23F2DF7D8AEEBD5040F
:105A700013F910502EEA06060CFA06F6B5F1FF3FB0
:105A8000E4B225DDEDB269062BD4A90631D4E906CE
:105A900037D429073DD4690743D4A90749D4E90776
:105AA0004FD103EB400191F90150B5F1FF3F55DDB6
:105AB000EDB269065BD4A90661D4E90667D429076B
:105AC0006DD4690774D4A9077BD4E907C6D081E0F7
:105AD0003A1992F85011314382F85011EDB269062B
:105AE000D3D5391991F85821324381F85821A906A4
:105AF000CDD5391991F86021324381F86021E9064A
:105B0000C7D5391991F86821324381F868212907EE
:105B1000C1D5391991F87021324381F87021690794
:105B2000BBD5391991F87821324381F87821A9073A
:105B3000B5D5391991F88021324381F88021E907E0
:105B4000AFD0391991F88821324381F8882103EBCD
:105B5000400191F90150B5F1FF3FA9DC391991F8E5
:105B60009021324381F89021EDB26906A3D539190D
:105B700091F89821324381F89821A9069DD53919C9
:105B800091F8A021324381F8A021E90697D539196F
:105B900091F8A821324381F8A821290791D5391914
:105BA00091F8B021324381F8B02169077FF58BAFBE
:105BB000391991F8B821324381F8B821A9077FF546
:105BC00084AF391991F8C021324381F8C021E90727
:105BD0003FF444AF391991F8C821324381F8C82104
:105BE0003CE700BF3A2006215A460823FEF7FCFC9A
:105BF0005FFA89F2422006210823FEF7F5FC48F2FD
:105C0000565300204FF0070E4FF0010CC0F6000372
:105C100004E000BF0130102800F0C080861DF5B2FE
:105C20003F2DF7D813F91040AEEBD5052EEA060646
:105C30000CFA06F6B4F1FF3FEDB225DDE4B26106E1
:105C40002BD4A10631D4E10637D421073DD4610716
:105C500043D4A10749D4E1074FD103EB400191F9A7
:105C60000140B4F1FF3F55DDE4B261065BD4A1060B
:105C700061D4E10667D421076DD4610774D4A1070C
:105C80007BD4E107C6D081E07A1992F850123143F3
:105C900082F85012E4B26106D3D5791991F85822EE
:105CA000324381F85822A106CDD5791991F86022A6
:105CB000324381F86022E106C7D5791991F868224C
:105CC000324381F868222107C1D5791991F87022F1
:105CD000324381F870226107BBD5791991F8782297
:105CE000324381F87822A107B5D5791991F880223D
:105CF000324381F88022E107AFD0791991F88822E8
:105D0000324381F8882203EB400191F90140B4F15C
:105D1000FF3FA9DC791991F89022324381F8902253
:105D2000E4B26106A3D5791991F89822324381F83B
:105D30009822A1069DD5791991F8A022324381F8C5
:105D4000A022E10697D5791991F8A822324381F86B
:105D5000A822210791D5791991F8B022324381F810
:105D6000B02261077FF58BAF791991F8B8223243E1
:105D700081F8B822A1077FF584AF791991F8C02284
:105D8000324381F8C022E1073FF444AF791991F81A
:105D9000C822324381F8C8223CE700BF5A200621BE
:105DA00052460823FEF720FC5FFA88F262200621A3
:105DB0000823FEF719FC48F2365300204FF0070E77
:105DC0004FF0010CC0F6000304E000BF01301028C2
:105DD00000F0C080861DF5B23F2DF7D813F91040B2
:105DE000AEEBD5052EEA06060CFA06F6B4F1FF3F37
:105DF000EDB225DDE4B261062BD4A10631D4E10673
:105E000037D421073DD4610743D4A10749D4E10722
:105E10004FD103EB400191F90140B4F1FF3F55DD53
:105E2000E4B261065BD4A10661D4E10667D4210720
:105E30006DD4610774D4A1077BD4E107C6D081E09B
:105E40007A1992F85013314382F85013E4B2610684
:105E5000D3D5791991F85823324381F85823A106F4
:105E6000CDD5791991F86023324381F86023E1069A
:105E7000C7D5791991F86823324381F8682321073F
:105E8000C1D5791991F87023324381F870236107E5
:105E9000BBD5791991F87823324381F87823A1078B
:105EA000B5D5791991F88023324381F88023E10731
:105EB000AFD0791991F88823324381F8882303EB16
:105EC000400191F90140B4F1FF3FA9DC791991F843
:105ED0009023324381F89023E4B26106A3D5791967
:105EE00091F89823324381F89823A1069DD579191A
:105EF00091F8A023324381F8A023E10697D57919C0
:105F000091F8A823324381F8A823210791D5791964
:105F100091F8B023324381F8B02361077FF58BAF4E
:105F2000791991F8B823324381F8B823A1077FF596
:105F300084AF791991F8C023324381F8C023E10777
:105F40003FF444AF791991F8C823324381F8C8234C
:105F50003CE700BF01B0BDE8F04F00F013BF000008
:105F6000FCF792BA7047000070B540F21C06C2F20E
:105F70000006D6E90054FBF7ABFEB168401AC8280A
:105F800038BF70BDFBF7A4FEB06040F23C00C2F227
:105F90000000FBF789F9102018212A462346BDE8A6
:105FA0007040FEF7A5BC000040F2E800C2F200001D
:105FB000FDF778B910B540F6FF320368C4F200026D
:105FC00040F6004E43F2004C9042C4F2000EC4F280
:105FD000010C21DCB0F1804F28D040F20044C4F223
:105FE0000004A04222D040F60004C4F20004A04203
:105FF0001CD0904220DCB0F1804F27D040F200420C
:10600000C4F20002904221D040F60002C4F2000225
:1060100090421BD01EE000BF704507D0604505D000
:1060200042F60044C4F20104A042E2D14C6823F0DD
:10603000700323439042DEDD704507D0604505D0F4
:1060400042F60042C4F20102904203D1CA6823F42E
:10605000407313434C6923F08002D1F800E08B6851
:10606000224360450260C362C0F828E005D042F6D2
:106070000042C4F20102904201D109690163012189
:1060800041610169C90708BF10BD016921F0010123
:10609000016110BD40F27810C2F20000FDF7C8B9EE
:1060A000406A0021C185C184FDF7C0B981B090F874
:1060B0004210222921D183680246B3F5805F09D1BD
:1060C00052F8281F52F8183C002B63D003685B6815
:1060D0000AE000BF52F8281F13B90369002BF5D05E
:1060E00003685B6803F07F030B7011680131116076
:1060F000C18D01390A04C18502D001B0704700BFCB
:106100000168CA6822F02002CA60CA6822F480725C
:10611000CA604A6922F001024A61202180F84210D7
:1061200000214163026B012A3CD10163016851E8FF
:10613000031F026821F0100142E80313DBB101687C
:1061400051E8031F026821F0100142E8031393B1E4
:10615000016851E8031F026821F0100142E80313AF
:106160004BB1016851E8031F026821F0100142E8B9
:106170000313002BDAD101680A68D20606D5002283
:1061800000920A680092496800910099818D01B0DF
:10619000FDF74AB9026852686FF35F2221F8022BBB
:1061A0008162A5E701B0FDF719BD0000FEE7000020
:1061B0007047000040F22C00C2F20000017A027821
:1061C00040F2C013C2F20003995401780122013158
:1061D0000170017A0A2904BF0121417200F108010E
:1061E00040F27810C2F20000FDF7CEBC80B540F25C
:1061F0002C00C2F2000000F1080140F27810C2F257
:1062000000000122FDF7C0FC11A000F03FF812A031
:1062100000F03CF814A000F039F848F68220C0F6EF
:10622000000000F033F848F60930C0F6000000F036
:106230002DF848F64F40C0F6000000F027F848F669
:10624000FB30C0F60000BDE8804000F01FB800BF82
:1062500041540D0A0000000041542B43574D4F4458
:10626000453D330D0A00000041542B43574A41502D
:106270003D22616E797468696E67222C226F6E65AB
:1062800074776F7468726565220D0A00F0B581B08D
:10629000044648F62650C0F60000214601F092F967
:1062A0002046F9F7A3FF82B240F27810C2F2000054
:1062B0002146FF23FDF79CFC40F22C0640F2C0145F
:1062C00048F63F5540F2CF77C2F20006C2F2000412
:1062D000C0F6000507E000BF0120FBF7C1FB380452
:1062E000A7F101070ED0707A0128F5D12046294682
:1062F000F9F75EFF0028EFD048F63F50C0F60000E7
:1063000001F0DAFD00207072307040F2C010C2F26D
:1063100000004FF48071F9F740FF01B0F0BD0000BC
:106320002DE9F04F81B040F6004440F2C02640F223
:106330009005C4F201044FF0000BC2F20006C2F255
:1063400000050DF1020A0DF103074FF0000800BF30
:1063500048F0B0008DF80000204610210022FBF725
:10636000B1FC284669460122FF23FCF7D3FC02203A
:106370008DF80100204610210022FBF7A3FC2846DF
:106380000DF101010122FF23FCF7C4FC10208DF860
:106390000200204610210022FBF794FC28465146BB
:1063A0000122FF23FCF7B6FC6FF0070906EB09009A
:1063B00080F808B0007A10218DF8030020460122F1
:1063C000FBF780FC284639460122FF23FCF7A2FC9C
:1063D00009F10809B9F57E7FE8D108F10108B8F1A3
:1063E000080F06F10106B3D101B0BDE8F08F00003F
:1063F00080B582B0019040F23010C2F2000001A9D5
:106400000122FF23FDF7F4FB019802B080BD0000DC
:1064100090B0FCF747F800240120CDE90B44CDE90A
:10642000094406900A904FF4E0104FF480310225A1
:106430000F9006A8CDE90714CDE90D51FCF7E0F95E
:1064400020B1EFF3108072B6FEE700BF0F20CDE958
:1064500001054FF48060CDE9040401A802210394F2
:10646000FCF7C8F820B1EFF3108072B6FEE700BF6A
:10647000FDF74AFFFDF7FAFFFEF71EF8FDF7D4FF20
:10648000FEF754F8FEF770F840F2E800C2F20000A0
:10649000FCF7F2FD00F0AAFAFFF742FFFFF7A6FEB5
:1064A0000020FBF735F8D8B90020FBF731F8B8B970
:1064B0000020FBF72DF898B90020FBF729F878B9F0
:1064C0000020FBF725F858B90020FBF721F838B970
:1064D0000020FBF71DF818B90020FBF719F818B3D6
:1064E00015A001F0E9FCFDF7A7FE40F2100440F210
:1064F0001105C2F20004C2F2000501E000F0A8FCA0
:10650000FDF7AAFE20780128FAD12878032807D0C1
:106510000228F3D00128F3D1FFF726FDF0E700BFF2
:10652000FAF7A2FDECE700BF00A0DAE74E545020D6
:106530006661696C65640D004E54502073796E631A
:1065400065640D002DE9F04F85B00E9F0392002F7A
:1065500018BF002B02D105B0BDE8F08FDA1DD208BC
:1065600001925A1E40F2C02C009203F0030203F085
:10657000FC0B0026C2F2000C0492029103E000BF63
:106580000136BE42E7D08D19EAB23F2AF8D8394623
:10659000039B019F4FF0000906FB07380723A3EB7D
:1065A000D20223EA0505012303FA05F4009BD5B2C4
:1065B000032B4DD2049A0F460299002AE0D04FEAED
:1065C000D90218F8022009F007039A40120609D5EB
:1065D00000EB090252B2002A04D40CEBC202535D54
:1065E00023435355049A012ACAD009F1010E4FEAF8
:1065F000DE0218F802200EF007039A40120609D5B1
:1066000000EB0E0252B2002A04D40CEBC202535D1E
:1066100023435355049A022AB2D009F1020E4FEADD
:10662000DE0218F802200EF007039A401206A7D5E2
:1066300000EB0E0252B2002AA2D40CEBC202535D50
:10664000234353559CE700BF09F10409CB45B1D062
:106650004FEAD90E18F80E2009F00407BA401206C6
:1066600009D500EB090252B2002A04D40CEBC20295
:10667000575D2743575509F1010A18F80E200AF013
:106680000507BA40120609D500EB0A0252B2002AE9
:1066900004D40CEBC202575D2743575509F102029F
:1066A00018F80E7002F0060307FA03F31B0608D56C
:1066B000024452B2002A04D40CEBC202535D2343BD
:1066C000535509F1030218F80E3002F00707BB40DA
:1066D0001B06B9D5024452B2002AB5D40CEBC20253
:1066E000535D23435355AFE72DE9F04F86B0002AA1
:1066F0000492039018BF002B02D106B0BDE8F08FC2
:106700000F9803F003025C1E059203F0FC084A1C7C
:10671000002801F102004FF0000A0192009000F001
:10672000B18040F2C029E0B24FF0070C4FF0010BEE
:10673000C2F20009029004E004980AF1010A8245BD
:10674000DBD0039800EB0A0358B20028F4D4029877
:10675000DDB203284FF0000340D205980028EBD0AB
:106760005E18F7B23F2F0BD8ACEBD700C0B209EBE5
:10677000C5072CEA06023E5C0BFA02F232433A5499
:1067800005980128D8D001981E18F7B23F2F0BD8D2
:10679000ACEBD700C0B209EBC5072CEA06023E5CA1
:1067A0000BFA02F232433A5405980228C4D00098FA
:1067B0000344DFB23F2FBFD8ACEBD7002CEA030273
:1067C000C0B209EBC5031F5C0BFA02F23A431A543C
:1067D000B2E700BF0433D8B24045BED05C18E6B281
:1067E0003F2E0FD904F1010E5FFA8EF63F2E1BD912
:1067F000A61CF7B23F2F27D9E61CF7B23F2FE9D8E6
:1068000032E000BFACEBD600C0B209EBC5072CEA02
:1068100004023E5C0BFA02F232433A5404F1010ED8
:106820005FFA8EF63F2EE3D8ACEBD600C0B209EB90
:10683000C5072CEA0E023E5C0BFA02F232433A54D0
:10684000A61CF7B23F2FD7D8ACEBD700C0B209EBEC
:10685000C5072CEA06023E5C0BFA02F232433A54B8
:10686000E61CF7B23F2FB5D8ACEBD700C0B209EBAE
:10687000C5072CEA06023E5C0BFA02F232433A5498
:10688000A8E700BF40F2C02E5FFA84F94FF0070C72
:106890004FF0010BC2F2000E06E000BF04980AF1AF
:1068A000010A82453FF429AF039800EB0A0358B26E
:1068B0000028F3D4B9F1030FDDB24FF0000441D248
:1068C00005980028EAD06318D8B23F280BD8ACEB63
:1068D000D000C0B20EEBC5062CEA0303325C0BFA03
:1068E00003F39A43325405980128D7D0019823180E
:1068F000D8B23F280CD8ACEBD0002CEA0302C0B2CF
:106900000EEBC5031E5C0BFA02F226EA02021A54D1
:1069100005980228C2D000982318D8B23F28BDD8C5
:10692000ACEBD0002CEA0302C0B20EEBC5031E5C38
:106930000BFA02F226EA02021A54AFE70434E0B27C
:106940004045BDD06318DEB23F2E0DD95E1CF0B2BB
:106950003F281AD99E1CF0B23F2827D90333D8B25A
:106960003F28EBD833E000BFACEBD600C0B20EEB53
:10697000C5062CEA0302375C0BFA02F227EA020290
:1069800032545E1CF0B23F28E4D8ACEBD0002CEAC5
:106990000602C0B20EEBC506375C0BFA02F227EA1C
:1069A000020232549E1CF0B23F28D7D8ACEBD00084
:1069B0002CEA0602C0B20EEBC506375C0BFA02F2F7
:1069C00027EA020232540333D8B23F28B6D8ACEBE0
:1069D000D0002CEA0302C0B20EEBC5031E5C0BFA1A
:1069E00002F226EA02021A54A8E700002DE9F0415B
:1069F00082B040F60044C4F2010420464FF4807196
:106A00000122FBF75FF96420FBF72AF820464FF4D8
:106A1000807100220026FBF755F96420FBF720F86F
:106A200020464FF480710122FBF74CF96420FBF7FC
:106A300017F8AE208DF807002046102100221027FD
:106A4000FBF740F940F29005C2F200050DF1070195
:106A500028460122FF23FCF75DF920461021002281
:106A60008DF80760FBF72EF90DF10701284601228A
:106A7000FF23FCF74FF92046102100228DF8077004
:106A8000FBF720F90DF1070128460122FF23FCF74F
:106A900041F940272046102100228DF80770FBF7AE
:106AA00011F90DF1070128460122FF23FCF732F905
:106AB00081208DF80700204610210022FBF702F903
:106AC0000DF1070128460122FF23FCF723F9CF200F
:106AD0008DF80700204610210022FBF7F3F80DF196
:106AE000070128460122FF23FCF714F9A1208DF8A5
:106AF0000700204610210022FBF7E4F80DF1070102
:106B000028460122FF23FCF705F9C0208DF8070075
:106B1000204610210022FBF7D5F80DF10701284689
:106B20000122FF23FCF7F6F84FF0A60820461021BB
:106B300000228DF80780FBF7C5F80DF10701284604
:106B40000122FF23FCF7E6F8A8208DF80700204675
:106B500010210022FBF7B6F80DF1070128460122AB
:106B6000FF23FCF7D7F83F208DF8070020461021BF
:106B70000022FBF7A7F80DF1070128460122FF23A9
:106B8000FCF7C8F8D3208DF807002046102100221A
:106B9000FBF798F80DF1070128460122FF23FCF7C7
:106BA000B9F82046102100228DF80760FBF78AF81B
:106BB0000DF1070128460122FF23FCF7ABF8D52091
:106BC0008DF80700204610210022FBF77BF80DF11D
:106BD000070128460122FF23FCF79CF880208DF84E
:106BE0000700204610210022FBF76CF80DF1070189
:106BF00028460122FF23FCF78DF8D9208DF80700E5
:106C0000204610210022FBF75DF80DF10701284610
:106C10000122FF23FCF77EF8F1208DF807002046C3
:106C200010210022FBF74EF80DF107012846012242
:106C3000FF23FCF76FF8DA208DF8070020461021BB
:106C40000022FBF73FF80DF1070128460122FF2340
:106C5000FCF760F812208DF8070020461021002272
:106C6000FBF730F80DF1070128460122FF23FCF75E
:106C700051F8DB208DF80700204610210022FBF799
:106C800021F80DF1070128460122FF23FCF742F805
:106C90002046102100228DF80770FBF713F80DF144
:106CA000070128460122FF23FCF734F820208DF845
:106CB0000700204610210022FBF704F80DF1070120
:106CC00028460122FF23FCF725F802208DF8070053
:106CD000204610210022FAF7F5FF0DF107012846A2
:106CE0000122FF23FCF716F88D208DF807002046BF
:106CF00010210022FAF7E6FF0DF1070128460122D4
:106D0000FF23FCF707F814208DF807002046102118
:106D10000022FAF7D7FF0DF1070128460122FF23D1
:106D2000FBF7F8FFA4208DF8070020461021002271
:106D3000FAF7C8FF0DF1070128460122FF23FBF7F0
:106D4000E9FF2046102100228DF80780FAF7BAFFEC
:106D50000DF1070128460122FF23FBF7DBFFAF20DF
:106D60008DF80700204610210022FAF7ABFF0DF145
:106D7000070128460122FF23FBF7CCFF02B0BDE844
:106D8000F08100002DE9F04F81B040F6004440F260
:106D9000C02640F29005C4F201044FF0000BC2F28D
:106DA0000006C2F200050DF101090DF1020A0DF114
:106DB000030700BF4BF0B0008DF800002046102103
:106DC0000022FAF77FFF284669460122FF23FBF7DE
:106DD000A1FF02208DF80100204610210022FAF7C1
:106DE00071FF284649460122FF23FBF793FF10203D
:106DF0008DF80200204610210022FAF763FF284692
:106E000051460122FF23FBF785FF6FF0070800BF03
:106E100006EB0800007A10218DF8030020460122BD
:106E2000FAF750FF284639460122FF23FBF772FF8D
:106E300008F10808B8F57E7FEAD10BF1010BBBF130
:106E4000080F06F10106B5D101B0BDE8F08F0000D2
:106E5000B0B540F23805C2F20005A87840F2280427
:106E6000C2F2000430B10020A8702870FAF7F2F8DE
:106E700001202070687878B1002068702878022896
:106E800008D0012804D038B901202870207003E010
:106E9000022000E001202870207890B100202070AE
:106EA00040F22B0040F22A0140F22902C2F2000017
:106EB000C2F20001C2F20002007809781278FDF7F0
:106EC00095FE0120BDE8B040FAF7CABD2DE9F04FAC
:106ED0008BB00546104617468846F9F7B3FB0646C1
:106EE00046F26760C6F2666086FB00043046F9F73A
:106EF0009BFB01463846F9F705FB0021C4F220113F
:106F0000F9F706FBF9F79EFB824638460021F9F7B0
:106F10007DFB002840F09A80681C4FFA80FEA81C78
:106F200046B2E81C42B2281D47B2681D43B2A81DF4
:106F300044B2E81D41B240F2C020C2F20000039109
:106F400000EBC101CDF800A0029100EBC401059354
:106F500000EBC303069700EBC707079200EBC202E2
:106F600000EBC60CCDF824E000EBCE0E0A9500EB4A
:106F7000C5094FF0000A4FF0070B01250494019159
:106F8000089604E00AF1010ABAF1100F74D008EB78
:106F90000A00C4B23F2CF5D8ABEBD40148F6080484
:106FA000C0F6000414F90A402BEA000005FA00F6C6
:106FB000B4F1FF3FC8B208DC0A9949B2002904D4F1
:106FC00019F80010314309F80010E4B2610607D542
:106FD0000999002904D41EF8001031430EF800105E
:106FE000A10607D50899002904D41CF800103143E4
:106FF0000CF80010E10605D50799002902D4115CB0
:1070000031431154210705D50699002902D4395C72
:1070100031433954610705D50599002902D4195C1B
:1070200031431954A10707D50499002904D4019DBF
:10703000295C314329540125E107A3D00399002994
:10704000A0D4029C215C314321549BE7A01000EBAB
:10705000D47404EB84000021A6EB4006C4F2201196
:107060003846F9F7C5FAF6B260B1284641463246CD
:107070000823FDF7B9FA14E00A9DDDF800A00835F1
:107080000FE000BFE2B2284641460823FDF7ACFA04
:1070900005F10800C0B2414632460823FDF7A4FAC4
:1070A000103508F10C03DFB23F2F5FFA85FE14D8CC
:1070B00069B2002911D4072140F2C024A1EBD70204
:1070C000C2F20004D2B204EBCE0499434FF0010C9B
:1070D000A65C0CFA01F13143A154691C4AB23F2F5E
:1070E0005FFA81F914D8002A12D4072640F2C0248E
:1070F000A6EBD707C2F20004FFB204EBC90426EAEC
:1071000003034FF0010CE65D0CFA03F33343E35540
:1071100008F10D03DFB23F2F14D86EB2002E11D448
:10712000072640F2C020A6EBD704C2F20000E4B26A
:1071300000EBCE009E434FF0010C015D0CFA06F609
:10714000314301553F2F12D8002A10D40720A0EB5D
:10715000D701984340F2C023C2F20003C9B203EB47
:10716000C90301225F5C02FA00F038435854281D1D
:1071700008F108015FFA8AF2C0B2C9B20523FDF72F
:1071800033FAB8F1280F00F06181B8F1180F40F020
:10719000158205F10C0041B205F10D0042B205F176
:1071A0000E004FFA80FA05F10F004FFA80F905F151
:1071B00010004FFA80F805F1110046B205F11200F7
:1071C00044B205F113000A9545B240F2C020C2F264
:1071D000000000230727029500EBC50C00EBC40E4E
:1071E000049600EBC60BCDF8148000EBC808CDF870
:1071F000189000EBC909CDF81CA000EBCA0A00EBFF
:10720000C20600EBC10503940892099103E000BF98
:107210000133102B62D003F11800C0B23F28F7D819
:1072200047F63672C0F60002D41894F9F045A7EB81
:10723000D00027EA0301012202FA01F1B4F1FF3F75
:10724000C0B205DC099A002A02D42A5C0A432A54F7
:10725000E4B2620605D5089A002A02D4325C0A43D9
:107260003254A20607D5079A002A04D41AF800203F
:107270000A430AF80020E20607D5069A002A04D439
:1072800019F800200A4309F80020220707D5059ABB
:10729000002A04D418F800200A4308F800206207E6
:1072A00007D5049A002A04D41BF800200A430BF8DF
:1072B0000020A20707D5039A002A04D41EF8002054
:1072C0000A430EF80020E207A2D0029A002A9FD4B7
:1072D0001CF8002011430CF8001099E70A994FF0B0
:1072E000000A01F114004FFA80FC01F1150044B2CC
:1072F00001F1160042B201F1170045B201F1180088
:1073000046B201F1190047B201F11A0043B201F18E
:107310001B0041B240F2C020C2F20000039100EB1A
:10732000C101029100EBC3010191059700EBC70772
:10733000069600EBC606079500EBC50500EBC201FB
:1073400000EBC408CDF828C000EBCC094FF0070CC7
:1073500004930892099405E00AF1010ABAF1100FAA
:1073600000F02C810AF11800C0B23F28F4D8ACEB31
:10737000D00447F63670C0F60000504490F9300251
:107380002CEA0A02012303FA02FEB0F1FF3F5FFA82
:1073900084FB08DC0A9A002A05D419F80B2042EA7B
:1073A0000E0209F80B20C0B2420608D5099A002A3D
:1073B00005D418F80B2042EA0E0208F80B208206CA
:1073C00008D5089A002A05D411F80B2042EA0E02CB
:1073D00001F80B20C20608D5079A002A05D415F833
:1073E0000B2042EA0E0205F80B20020708D5069A88
:1073F000002A05D416F80B2042EA0E0206F80B20EC
:10740000420708D5059A002A05D417F80B2042EA4E
:107410000E0207F80B20820709D5049A002A06D429
:10742000019B13F80B2042EA0E0203F80B20C00761
:1074300092D0039800283FF58FAF029A12F80B0004
:1074400040EA0E0002F80B0086E700BF05F11400C9
:107450004FFA80FE05F1150044B205F1160046B260
:1074600005F1170047B205F1180043B205F1190004
:1074700042B205F11A0041B205F11B0040F2C025ED
:1074800040B2C2F20005039005EBC000029005EB8C
:10749000C100059205EBC202069305EBC3030797F3
:1074A00005EBC707089605EBC60605EBC40CCDF83F
:1074B00028E005EBCE0E4FF000084FF007090491CD
:1074C0000190099405E000BF08F10108B8F1100F20
:1074D00074D008F12805EDB23F2DF5D847F6367186
:1074E000C0F60001A9EBD50401EB080595F9505051
:1074F00029EA0800012101FA00FAB5F1FF3F5FFA1D
:1075000084FB08DC0A98002805D41EF80B0040EA2A
:107510000A000EF80B00EDB2680608D5099800289D
:1075200005D41CF80B0040EA0A000CF80B00A80672
:1075300008D50898002805D416F80B0040EA0A0080
:1075400006F80B00E80608D50798002805D417F8B8
:107550000B0040EA0A0007F80B00280708D5069838
:10756000002805D413F80B0040EA0A0003F80B00CA
:10757000680708D50598002805D412F80B0040EAE2
:107580000A0002F80B00A80709D50498002806D4C1
:10759000019911F80B0040EA0A0001F80B00E80716
:1075A00092D0039800283FF58FAF029C14F80B008F
:1075B00040EA0A0004F80B0086E700BF0BB0BDE804
:1075C000F08F00000FB4054B10B503A9044A0298D0
:1075D00000F0DAF810BC5DF814FB0000F16300085D
:1075E0000000002002E008C8121F08C1002AFAD1DA
:1075F00070477047002001E001C1121F002AFBD133
:10760000704700002DE9FF5F82B00021DDE9043002
:10761000020DDDF840B0034318D044F61050A2F23A
:10762000FF3242431514119801281FD0A5EB0B001F
:10763000401C5FEA000A4FF000064E4FDFF8389119
:10764000B046504615D5CAF1000413E01198012444
:107650004AA3012801D16FEA0B010298119AC0E9EF
:107660000031C0E9024206B0BDE8F09FCBF1000056
:10767000DFE704460021404A491842EB0450CDE9B7
:10768000001012E0E00707D032463B46404649462C
:10769000F9F758F98046894632463B461046194666
:1076A000F9F750F906460F466410002CEAD1DDE9DF
:1076B0000401DDE90023BAF1000F06DAF9F742F917
:1076C00042464B46F9F73EF905E0F9F7ADF9424677
:1076D0004B46F9F7A9F904460E460022284BF9F764
:1076E0002BFA03D84FF0FF30014607E00022254B6C
:1076F00020463146F9F77FF8F9F705FA102409E03A
:10770000002C0ADB0A220023F8F7CBFF039B303260
:107710001A55641E50EA0102F2D1641C039AC4F1A6
:1077200011031444119A012A03D0012208430DD1F8
:107730000AE0084304D000204FF0110B119072E7CB
:10774000A3EB0B056D1E0DE05B4504DD4FF0000261
:1077500005F1010504E003DA4FF00002A5F101058F
:10776000002AECD002981199C0E90231C0E9004525
:1077700079E70000000014400000F03F30000000F6
:107780000000F0430000E03F2DE9FF4F95B09B461D
:107790008946064600250FE2252877D10024274692
:1077A000F84A0121059400E0044316F8013F203B0C
:1077B00001FA03F01042F7D130782A2811D06FF087
:1077C0002F033078A0F13002092A16D8059A44F028
:1077D000020402EB820203EB42021044761C059085
:1077E000EFE759F8042B0592002A03DA504244F4DB
:1077F0000054059044F00204761C30782E2816D1EF
:1078000016F8010F44F004042A280DD06FF02F025F
:107810003078A0F13003092B09D807EB870302EB7E
:107820004303C718761CF3E759F8047B761C3078BD
:107830006C280FD006DC4C2817D068280DD06A2899
:1078400014D104E0742810D07A280FD10DE044F44C
:1078500000140AE044F4801401E044F44014727807
:10786000824202D104F58014761C761C307866289A
:107870000BD013DC582877D009DC002875D04528B8
:10788000F6D04628F4D047281AD19DE118E06328A5
:1078900035D0642879D0652812D195E1702873D04D
:1078A00008DC6728F1D069286FD06E280DD06F28CA
:1078B00006D1B5E073282CD0752875D0782874D0FF
:1078C0005A46179990476D1C75E1C4F3025002287F
:1078D00009D003280DD0D9F8001004280DD00D6070
:1078E00009F1040967E1D9F80010EA17C1E900526B
:1078F000F6E7D9F800100D80F2E70D70F0E719F8FF
:10790000041B8DF8001000208DF80100EA460120CC
:1079100003E059F804AB4FF0FF3061074FF000016E
:1079200002D40DE008F101018846B9420FDA804522
:10793000F8DB1AF808100029F4D108E008F1010179
:1079400088468142FADB1AF808100029F6D105981A
:107950005B46A0EB080721463846179A00F094FAD8
:10796000284400EB080507E04DE029E10DE01AF896
:10797000010B5A4617999047B8F10108F7D25B46B8
:1079800021463846179A13E142E00A220092C4F3D6
:1079900002524FF0000A022A08D059F804CB032AF9
:1079A0004FEAEC710AD00DE029E02AE009F1070165
:1079B00021F00702F2E802C1914609E00FFA8CFCBF
:1079C0004FEAEC71042A03D14FFA8CFC4FEAEC71B8
:1079D000002907DA0A460021DCF1000C61EB020104
:1079E0002D2202E0220504D52B228DF8042001224D
:1079F00003E0E20701D02022F7E7904659E00A2190
:107A000002E010220DE010214FF0000A00910BE07F
:107A100010224FF0000A44F004040827009203E00B
:107A200008224FF0000A0092C4F30252022A05D045
:107A300059F804CB0021032A08D009E009F1070115
:107A400021F00702F2E802C1914605E01FFA8CFC22
:107A5000042A01D10CF0FF0C4FF00008220728D5B2
:107A6000702806D0009B83F0100353EA0A0305D068
:107A70000EE040228DF80420012208E05CEA0102B9
:107A800006D030228DF804208DF8050002229046A1
:107A9000009B83F0080353EA0A030AD15CEA01025F
:107AA00001D1620705D530228DF804204FF001087E
:107AB0007F1E582804D034A003900EA802900DE039
:107AC00036A0F9E753466046009AF8F7EAFD844687
:107AD0000398825C0298401E029002705CEA0100EA
:107AE000F0D1029806A9081A00F1200A600702D511
:107AF00024F4803400E00127574502DDA7EB0A009B
:107B000000E0002000EB0A01009005984144401A73
:107B10000590E00306D45B462146179A059800F0CD
:107B2000B3F90544002706E001A85A46C05D17993D
:107B300090476D1C7F1C4745F6DBE0030CD55B4688
:107B40002146179A059800F09FF9054404E030207B
:107B50005A46179990476D1C0099481E00900029BD
:107B6000F5DC08E0029802995A460078491C029117
:107B7000179990476D1CBAF10001AAF1010AF1DCD6
:107B800065E10000092801003031323334353637E1
:107B90003839616263646566000000003031323359
:107BA00034353637383941424344454600000000F9
:107BB00000F058F90544761C307800287FF4ECADCD
:107BC00019B02846BDE8F08F620700D4062709F1F6
:107BD000070222F0070CFCE80223E14603F000480C
:107BE0005FEA080C02D00FF2702C0DE05FEA045C33
:107BF00002D50FF2682C07E05FEAC47C02D00FF2D6
:107C0000602C01E0AFF2700C4FF0FF3823F000431E
:107C1000CDF850C065280CD006DC452809D0462890
:107C20001DD047283DD13DE0662818D067287ED179
:107C300038E00021112F01DB112000E0781CCDE994
:107C4000000106A90EA8FFF7DDFCDDE90F010E9A81
:107C500003910021009207F1010A04914DE04FF0D9
:107C600000400097CDE9011006A90EA8FFF7CAFC55
:107C7000DDE90F0203920E9B11990022DDF80CA0A2
:107C80000093049211B9791C00EB010AB7EB0A00CA
:107C900004D4C0F1FF3007F1010A0490AAEB0700F9
:107CA000019044E0012F00DA01270021112F01DDAE
:107CB000112000E03846CDE9000106A90EA8FFF723
:107CC000A1FCDDE90F010E9A0391002104910092BD
:107CD000BA4621070CD40399514500DA8A46BAF115
:107CE000010F05DD009AAAF10101515C302908D08D
:107CF000B84202DA10F1040F06DA0121CDE90110D1
:107D000015E0AAF10101E9E7002805DC0499014426
:107D10000491AAEB000102E0411C514500DD8A46B6
:107D20000499401A401C01904FF000400290200737
:107D300004D40198504501DBCDF8048000208DF873
:107D40004F0002980DF14F07B0F1004F25D02B20C6
:107D50000E9002984FF0020800280CDA4042029080
:107D60002D200E9007E00A210298F8F784FC3031AC
:107D7000029007F8011DB8F10001A8F10108F2DC3A
:107D800002980028EFD1791E0E980870307800F024
:107D9000200040F0450007F8020D12A8C01B00F1BA
:107DA00007081498007800B1012000EB0A0101983F
:107DB00001EBE07105984144401A401E0590E00334
:107DC00006D45B462146179A059800F05DF80544F5
:107DD0001498007818B15A46179990476D1CE00323
:107DE00024D55B462146179A059800F04DF80544C6
:107DF0001CE00498002807DBDDE90301884203DD6D
:107E00000098405C179901E0179930205A46904736
:107E1000049805F10105401C04900198401E019052
:107E200004D12E205A46179990476D1CBAF10001D3
:107E3000AAF1010ADDDC05E017F8010B5A46179993
:107E400090476D1CB8F10001A8F10108F4DC5B4615
:107E50002146179A0598ABE62D0000002B00000084
:107E6000200000002DE9F041044600251E4617467B
:107E7000880404D405E039462020B0476D1C641EF8
:107E8000F9D52846BDE8F0812DE9F04104460025EA
:107E90001E469046C80301D5302700E020278804FD
:107EA00004D505E041463846B0476D1C641EF9D53F
:107EB0002846BDE8F081000010B5044601E0FEF759
:107EC00097FA14F8010B04490028F8D1BDE81040D6
:107ED0000A20FEF78DBA000000000020DDDDDDDDA8
:107EE000DCBBBBDDDDDDDDDDDDDDDDDD988888884B
:107EF00088888888777777777788888885555556F2
:107F00006666666666666666666888888333333248
:107F100022222222222222222228888D00000000F2
:107F20000000000001020304060708090000000029
:107F30000102030401020000000000000000000034
:107F400000000000000000000008080808080808F9
:107F500000000808000000141414140000000000C1
:107F600000000000000000000024247E2424247E61
:107F70002424000000000008083E4848483E0A0A41
:107F80000A3E080800000000006192946808102072
:107F90002C52928C00000000003048483020524A99
:107FA00044443A00000000080808080000000000EF
:107FB000000000000000000408081010101010104D
:107FC000080804000000002010100808080808082D
:107FD00010102000000000000008492A1C2A49084F
:107FE000000000000000000000000808087F0808EA
:107FF0000800000000000000000000000000000079
:10800000001808081000000000000000007E0000BA
:108010000000000000000000000000000000000060
:1080200000001818000000010202040408081010E3
:1080300020204040800000003C42424242424242F6
:1080400042423C0000000000081828080808080800
:1080500008083E00000000003C42420204081020D4
:1080600040407E00000000003C4202020C0202027E
:1080700002423C0000000000040C142444447E042E
:1080800004040400000000007E4040407C420202E4
:1080900002423C00000000001C2240407C42424260
:1080A00042423C00000000007E4202040408081026
:1080B00010101000000000003C4242423C4242428C
:1080C00042423C00000000003C424242423E02026A
:1080D00002443800000000000000001818000000F2
:1080E0000018180000000000000000181800000030
:1080F00000180808100000000002040810201008F2
:1081000004020000000000000000007E0000007E6D
:1081100000000000000000000040201008040810CB
:1081200020400000000000003C4242020408080811
:1081300000000808000000003C425A565A5A5A5E95
:1081400040403C000000000018244242427E42426F
:1081500042424200000000007C4242427C424242D5
:1081600042427C00000000003C4240404040404011
:1081700040423C00000000007844424242424242F9
:1081800042447800000000007E4040407C40404077
:1081900040407E00000000007E4040407C40404067
:1081A00040404000000000003C424040404E4242FF
:1081B00042423C0000000000424242427E424242B3
:1081C00042424200000000003E0808080808080873
:1081D00008083E00000000001E0404040404040417
:1081E0000444380000000000424448506060504899
:1081F00044424200000000004040404040404040B7
:1082000040407E00000000008282C6C6AAAA929268
:10821000828282000000000042626252524A4A4654
:1082200046424200000000003C424242424242427A
:1082300042423C00000000007C4242427C40404000
:1082400040404000000000003C4242424242424264
:108250004A443A00000000007C4242427C484442CA
:1082600042424200000000003C424040300C02020A
:1082700002423C0000000000FE1010101010101010
:1082800010101000000000004242424242424242AE
:1082900042423C0000000000828244442828101022
:1082A00010101000000000008282829292AAAAC6DA
:1082B000C6828200000000004242242418182424B0
:1082C000424242000000000082444428281010105E
:1082D00010101000000000007E020404081010209E
:1082E00040407E000000001C1010101010101010F4
:1082F00010101C00000000804040202010100808D2
:1083000004040202010000380808080808080808E8
:108310000808380000000010284400000000000099
:10832000000000000000000000000000000000004D
:10833000000000FE00001008000000000000000027
:1083400000000000000000000000003844043C442D
:10835000444C3400000000404040407844424242D7
:1083600042447800000000000000003C42404040D1
:1083700040423C00000000020202021E2242424231
:1083800042221E00000000000000003C42427E40ED
:1083900040423C000000000E1010107C1010101025
:1083A00010101000000000000000001E2242424297
:1083B00042221E02423C0040404040784442424239
:1083C000424242000000000008080018080808089F
:1083D00008081C00000000000404000C040404044D
:1083E0000404044444380040404040444850605035
:1083F0004844420000000018080808080808080857
:1084000008081C0000000000000000EC929292920C
:108410009292920000000000000000784442424224
:1084200042424200000000000000003C4242424242
:1084300042423C00000000000000007844424242FA
:1084400042447840404000000000001E2242424268
:1084500042221E02020200000000002C30202020D8
:1084600020202000000000000000003C42403C02B0
:1084700002423C00000000001010107C1010101090
:1084800010100E0000000000000000424242424274
:1084900042463A0000000000000000444428281032
:1084A0001010100000000000000000828292AAAAB2
:1084B0004444440000000000000000422418181842
:1084C00024424200000000000000004242424242BA
:1084D00042261A02423C00000000007E04081010F0
:1084E00020407E000000000E101010102010101010
:1084F00010100E0000000008080808080808080806
:1085000008080800000000700808080804080808A7
:1085100008087000000000000000000000324C005D
:10852000000000000000000038444444380000000F
:1085300000000000000000001FF0101010101010CC
:10854000101010101FF0101010101010101010103C
:1085500010101FF0101000001FF81008100810086D
:108560001FF81008100810081FF81008100820083D
:10857000200840288010100010001FFC2080208060
:1085800040801FF8108010801080FFFE0080008067
:108590000080008000800000000000686800006823
:1085A00068000000000002030405060708090A0B22
:1085B0000C0D0E0F10100000000000000000000065
:1085C0000000007C000000C6000000830000008165
:1085D000070001810C800181084001911040019148
:1085E0001000019110A0019111C001911940019159
:1085F00007800191000001910000011100000111AC
:10860000800002188000023C400002424000064206
:10861000600002424000026E4000023C4000010047
:10862000800000C30000007E000000000000000089
:108630000000000000007FFFFFFEC000000380007C
:108640000001800000018001800180018001800024
:108650008001800080018000800180008001800016
:108660008001800080018001800180018001800202
:10867000C00180042001800420018003C001800328
:10868000C001800060018000300180001001800086
:1086900018018000080180000401800000018000B2
:1086A0000001800000018000000180000001C00086
:1086B00000033FFFFFFE000000000000000000007C
:1086C000000000000000000003FFFFC00FFFFFF0EC
:1086D0000C000030180000181800001818000018CE
:1086E000180000181800001818830318198CCC986B
:1086F0001888489818804098188083981881819825
:10870000188200581884085818CC0998180FC79870
:108710001800001818000018180000181800001899
:10872000180000180C0000300FFFFFF003FFFFC01F
:108730000000000000000000000000000000000039
:108740000000000FE000003FFC0000FFFF0003F00E
:1087500007C0078001E00F0000F01E0000783C0712
:10876000E038380FF01C7018380E70381C0E60306E
:108770000C0EE0300C07E0300C07E0300C07E03066
:108780000C07E0301C07E0181807E01C3807E00C65
:108790003006700C700E701C380E787C3E1E39E06E
:1087A000079C1F8003F81F0000F80F0000F007C0AF
:1087B00003E003E00FC000FFFF00003FFC000007E4
:1087C000F000000000000000000008000C000E0097
:1087D0000F000F800FC00FE00FE00FC00F800F00E1
:1087E0000E000C00080000000000001000300070B7
:1087F00000F001F003F007F007F003F001F000F0E3
:1088000000700030001000000000000000000000B8
:108810007E00000000000000000020003FF820F86B
:1088200021082088210820882108FC88210824F8B4
:10883000210824883FF824882108248821082488D6
:10884000210824F82108248A210824023FF8440240
:10885000200843FE00008000708888888888702087
:10886000602020202070708808102040F870880850
:108870003008887010305090F81010F880F0080818
:1088800088707080F088888870F808102040404018
:108890007088887088887070888878081060003CBC
:1088A0004242424242424242424242423C0000086C
:1088B0001828080808080808080808083E00003CAE
:1088C00042420204081020204040407E7E00003CCE
:1088D0004202020C100C0202020242423C0000045E
:1088E0000C142444447E7E04040404040400007E2A
:1088F0004040407C42020202020242423C00001C14
:108900002240407C42424242424242423C00007E7F
:108910004202020404080810101010101000003C5D
:108920004242423C42424242424242423C00003CBD
:10893000424242423E020202020244443800000126
:108940000030006000030000C00263807FFF003041
:10895000006010030000C00373807FFF04104269B1
:10896000F8020800C003B700033007FFE3FDF8FF7B
:10897000F800C009B64023320FFFE3FD30FFF800D6
:10898000C10FFFE03FFF0C60826D30C2187FFF8F88
:10899000FFE03FFF08E0426D20C2187FFF9C02C04D
:1089A00033331FFFE26D60FFF800C01BFF803333DD
:1089B0001FFFE3FD30FFF801E003FF00333F0186B6
:1089C00003FD30C21801E0003C00363F018E026D0D
:1089D00018FFF801B0003840361F01FC026D18FF87
:1089E000FC03B01FFFE03C0301FC026DD8C204038E
:1089F000181FFFE03FFF003F03FDF80206071E00BF
:108A000030003FFF00FFC3FD7003FE0E0F803000FB
:108A1000300307E1C2092003FE380780F00032006E
:108A200000000100000022000000BFC9D4DACDBC64
:108A3000CFF1C7F8C4DAB5E3BBF7A3ACBBADD0C286
:108A4000CDBCBBF2D0DEB8C4D4ADCDBC0000260096
:108A50000000E8215B0201000000501E3060088821
:108A60000000000000001000008001000000000075
:108A7000000022000000020000001200000032305E
:108A8000323641542B4D5154545553455243464769
:108A90003D302C312C224E554C4C222C223639653F
:108AA000343834613937663265366333303266368E
:108AB00038393365335F645F315F31222C2234668D
:108AC0006533663963643837396539353335376529
:108AD000333164306436633062383338343761356B
:108AE00037333362643164356462643666336233CB
:108AF0003563623139336461666531383031222C37
:108B0000302C302C22220D0A0041542B4D5154544C
:108B1000434C49454E5449443D302C223639653446
:108B20003834613937663265366333303266363809
:108B3000393365335F645F315F315F305F305F329F
:108B4000303236303432313131220D0A0041542B6B
:108B50004D5154545055423D302C22246F632F64A4
:108B60006576696365732F36396534383461393712
:108B70006632653663333032663638393365335F93
:108B8000645F315F312F7379732F70726F7065720C
:108B9000746965732F7265706F7274222C227B5C0E
:108BA0002273657276696365735C223A5B7B5C2233
:108BB000736572766963655F69645C223A5C226101
:108BC000315C225C2C5C2270726F70657274696516
:108BD000735C223A7B5C2274656D5C223A252E31EF
:108BE000665C2C5C2268756D5C223A252E31667DB0
:108BF0007D5D7D222C312C300D0A0041542B4D51CE
:108C000054545355423D302C22246F632F646576B3
:108C1000696365732F3639653438346139376632A4
:108C2000653663333032663638393365335F645FB7
:108C3000315F312F7379732F70726F706572746941
:108C400065732F7265706F7274222C310D0A0041AA
:108C5000542B4D515454434F4E4E3D302C226165A0
:108C600066633463653435352E7374312E696F74E1
:108C700064612D6465766963652E636E2D6E6F7217
:108C800074682D342E6D79687561776569636C6FD2
:108C900075642E636F6D222C313838332C310D0AF8
:108CA0000041542B434950534E545054494D453F75
:108CB0000D0A006E74705F6275663A205B25735D05
:108CC0000D0A00496E76616C696420646174653ACE
:108CD0002025732025732025642025643A25643AD5
:108CE00025642025640D0A004E54502074696D657A
:108CF000207365743A20253032643A253032643A64
:108D0000253032640D0A004E54502074696D652080
:108D10007365743A20253034643A253032643A253C
:108D20003032640D0A004154646174613D25730A58
:108D3000002B434950534E545054494D453A004F2F
:108D40004B004665620044656300576564005475D6
:108D5000650041756700467269004A756C004A619A
:108D60006E004D6F6E004A756E0053756E00536550
:108D700070004D61720041707200536174004F6366
:108D80007400546875004E6F76004D6179000000E4
:108D900000000000000000000000000000000000D3
:108DA00000000000000000000000000060202060C3
:108DB0006060606020609020606090906060609073
:108DC0009020209090909090209090602090909093
:108DD00090902090106020901010909020102060B3
:108DE000209020209090202020A020902020909063
:108DF000202040F020904040909020404020209043
:108E000040409090204090202060909060602090A2
:108E1000F0707060F0F0606070F000000000000022
:108E20000000000000000000000000000000000042
:108E3000220000001FF0227C000010107F44000080
:108E40001FF0224400001010224400001FF03E7C5E
:108E5000000001002244000011002244FFFE1FF820
:108E60003E4400002100227C00004100224400001A
:108E70001FF0FF4400000100048400000100228470
:108E800000007FFC41140000000082080000000088
:108E9000220000001FF0227C000010107F44000020
:108EA0001FF022443FF81010224400001FF03E7CC7
:108EB00000000100224400001100224400001FF8BD
:108EC0003E4400002100227C0000410022440000BA
:108ED0001FF0FF44000001000484FFFE0100228413
:108EE00000007FFC41140000000082080000000028
:108EF000220000001FF0227C000010107F447FFC45
:108F00001FF0224400001010224400001FF03E7C9D
:108F10000000010022440000110022443FF81FF825
:108F20003E4400002100227C000041002244000059
:108F30001FF0FF44000001000484000001002284AF
:108F4000FFFE7FFC411400000000820800000000CA
:108F5000220000001FF0227C000010107F447FFCE4
:108F60001FF0224444441010224444441FF03E7C2D
:108F700044440100224444441100224444441FF864
:108F80003E4448442100227C483C41002244500495
:108F90001FF0FF44600401000484400401002284A7
:108FA0007FFC7FFC411440040000820800000000A8
:108FB000220000001FF0227C7FFC10107F44020082
:108FC0001FF0224402001010224402001FF03E7CD9
:108FD0000200010022443FF01100224404101FF857
:108FE0003E4404102100227C04104100224404105D
:108FF0001FF0FF44081001000484081001002284BF
:1090000008107FFC4114FFFE0000820800000000F1
:10901000220002001FF0227C010010107F4400801B
:109020001FF0224400801010224400001FF03E7CFC
:10903000FFFE0100224400001100224400001FF83E
:109040003E4404402100227C0420410022440810B8
:109050001FF0FF4408080100048410080100228466
:1090600020047FFC4114400400008208000000003E
:10907000220000001FF0227C1FF010107F4410100F
:109080001FF0224410101010224410101FF03E7CDC
:109090001010010022441010110022441FF01FF88C
:1090A0003E4410102100227C101041002244101078
:1090B0001FF0FF44101001000484101001002284EE
:1090C00010107FFC41141FF00000820810100000F7
:1090D000F09000080000002010000000E475000877
:1090E0000091000810000020B80A0000F475000884
:1090F00000000000010000001000000000127A00D3
:0400000508000131BD
:00000001FF
